strategy,steps,model,k,dataset,edges,v-measure,intermediate_res
mst,0,bge-base-en-v1.5,1,TwentyNewsgroupsClustering,43622,0.059778756774617324,"[0.14749063265861062, 0.10585928455402185, 0.07230907006000452, 0.05935269317287282, 0.042754139595399275, 0.041145239216591675, 0.037602298194499964, 0.033992843391952667, 0.03066488000312126, 0.026616486899098575]"
mst,0,bge-base-en-v1.5,2,TwentyNewsgroupsClustering,65432,0.20285122722372045,"[0.36444038434586173, 0.28813158828171276, 0.2723318826092599, 0.2282224613216043, 0.1542487667377945, 0.1705507341865752, 0.15726117050411453, 0.1394020192176673, 0.12436482834059077, 0.12955843669202358]"
mst,0,bge-base-en-v1.5,3,TwentyNewsgroupsClustering,87234,0.3562554637080698,"[0.4427625280178136, 0.43887540433335137, 0.38248332625738246, 0.3709676365515244, 0.35186229280819464, 0.3190798457923359, 0.34760678010017254, 0.3097265076527078, 0.28979579002377887, 0.3093945255434369]"
mst,0,bge-base-en-v1.5,6,TwentyNewsgroupsClustering,152608,0.4542002612414546,"[0.5054003150096533, 0.47998282663552394, 0.4620332637887083, 0.48464209490723653, 0.49893762189547936, 0.45529955553902896, 0.4475265872066931, 0.3763270905730141, 0.43240761970472924, 0.39944563715447906]"
mst,0,bge-base-en-v1.5,8,TwentyNewsgroupsClustering,196180,0.48334776821711667,"[0.5064248887853905, 0.5072303115841859, 0.49458626556455054, 0.4591240376891133, 0.48723521006231496, 0.4954912156140924, 0.48440749151213197, 0.4598578490878068, 0.4555583562969441, 0.4835620559746363]"
mst,0,bge-base-en-v1.5,10,TwentyNewsgroupsClustering,239756,0.48313574933282943,"[0.49789150095536405, 0.49245052554652896, 0.4828190453016316, 0.4908514039347658, 0.4903823621663608, 0.48454086796280205, 0.434861945143237, 0.4826937906573041, 0.48030107234037156, 0.49456497931992854]"
mst,0,bge-base-en-v1.5,15,TwentyNewsgroupsClustering,348530,0.48313290363135913,"[0.491011393057741, 0.48341717320074384, 0.5002167516425429, 0.5019853463057239, 0.4378987000700497, 0.5079666613445987, 0.4873090189110089, 0.4799114839932065, 0.4771300599786788, 0.46448244780929754]"
mst,0,bge-base-en-v1.5,20,TwentyNewsgroupsClustering,457240,0.4963297559998133,"[0.4934320009259227, 0.5031100496909653, 0.48478042653736986, 0.5279542960703882, 0.5045946150649916, 0.4952786684958421, 0.4887349580376584, 0.49648130929755324, 0.493866308949744, 0.47506492692769803]"
mst,0,bge-base-en-v1.5,1,ArxivClusteringP2P,99992,0.0869616906747189,"[0.004065227439655823, 0.0041312400853730225, 0.004726765342136444, 0.004738254535174161, 0.004699175944391926, 0.0035304142225610286, 0.004082016323380076, 0.005079927713351756, 0.003722487882455091, 0.13243062621582627, 0.13764675851446104, 0.1320900213382806, 0.13633486713511594, 0.13366466862349388, 0.1310040041930096, 0.13335158647940076, 0.13283071108557606, 0.1290925555921525, 0.13030436939182916, 0.08445098386783999, 0.010675881432560836, 0.05502604019323699, 0.007433225539988646, 0.020894103919593336, 0.024199113360095635, 0.013188388951664097, 0.006525978073313156, 0.009339014290888565, 1.0, 0.009592312554761274]"
mst,0,bge-base-en-v1.5,2,ArxivClusteringP2P,149988,0.3697725395759632,"[0.3752928852122938, 0.3699037108508706, 0.37238150426789557, 0.3828183411040659, 0.3501673098503252, 0.37875767282900424, 0.38518043111844885, 0.3848600591297958, 0.3615742021752435, 0.4479568535435768, 0.43358597575997426, 0.4444724552689783, 0.43856203487230094, 0.4318277201715074, 0.44904131252081947, 0.4376966679413116, 0.42942438529565413, 0.4340427112206459, 0.4453731394727036, 0.3811207324869474, 0.18734244385997473, 0.31340831611860326, 0.2904406964874993, 0.23773941412181668, 0.1670689678485235, 0.20168868063668638, 0.16255073911438267, 0.2247611146065987, 1.0, 0.17413570939244638]"
mst,0,bge-base-en-v1.5,3,ArxivClusteringP2P,199970,0.4478240596990862,"[0.45631939020685625, 0.4785519765745275, 0.45561703337142756, 0.474775516965669, 0.45020990163649405, 0.47609978338577996, 0.45705737079713044, 0.48410529059534996, 0.46103276770473317, 0.5078175738474509, 0.515097945310997, 0.5093541271976324, 0.5095608493527195, 0.5041744079214704, 0.5040780821839838, 0.5090235226517329, 0.5074820993809345, 0.5025028366835897, 0.513748492163115, 0.47857192932282333, 0.25963656049951866, 0.40764018863293383, 0.40892758374103033, 0.32506457083174034, 0.22399345895658915, 0.290693065038057, 0.21722183689057525, 0.2975981485572277, 1.0, 0.24876548057049622]"
mst,0,bge-base-en-v1.5,6,ArxivClusteringP2P,349904,0.4701236514143291,"[0.4825538062679618, 0.5005680437564338, 0.5027373489045187, 0.4965045890010932, 0.4989326111687081, 0.5004199386016548, 0.5095209012665864, 0.48642665904939525, 0.5059136891261484, 0.5337914514328702, 0.5285687911953251, 0.5343472108446251, 0.5285146361765808, 0.5337134520145419, 0.53188346353383, 0.5302601531257879, 0.5344738510436856, 0.5276054125140476, 0.5359481939240804, 0.49132657807553637, 0.2744608858623178, 0.43945255792177806, 0.4270385445589253, 0.3248699445275521, 0.24085757120496298, 0.3072724684869932, 0.22023733212569835, 0.31680706392122654, 1.0, 0.258702392797009]"
mst,0,bge-base-en-v1.5,8,ArxivClusteringP2P,449852,0.47137018521963253,"[0.4904664805026099, 0.5089467372367196, 0.4830828530052154, 0.5085262857746428, 0.4901252782314388, 0.48309442120739465, 0.5012006588620552, 0.4919472735119788, 0.4757947503033516, 0.535381784219328, 0.5388787693995579, 0.5386511874191539, 0.5371930100481428, 0.5380895724271677, 0.5351138157131199, 0.5387854222414197, 0.5387762482988249, 0.5349251625426001, 0.5390681005017981, 0.49292226652978566, 0.2991378891264068, 0.4413827669508689, 0.38866684075584307, 0.3412004129232448, 0.2497225585902892, 0.30860169723239644, 0.22596226949847412, 0.31518285485531083, 1.0, 0.2702781886798375]"
mst,0,bge-base-en-v1.5,10,ArxivClusteringP2P,549762,0.4738414687752359,"[0.4942471246649319, 0.47754625368150205, 0.5069578182430864, 0.4729306372597617, 0.5058386268183495, 0.47923320254973883, 0.5032873320872404, 0.503981802390283, 0.5093564435147927, 0.5404072449844626, 0.5376371412329216, 0.5362374991445152, 0.5350532260333941, 0.5365911122877377, 0.5413747865698698, 0.5431132622205685, 0.5432214043392989, 0.5383916011256019, 0.5363399129784217, 0.4987670782570914, 0.275929374676231, 0.4422470806145244, 0.4149024507391534, 0.33832650063032366, 0.2647093617689528, 0.31502341967532715, 0.23826456329059822, 0.3232447057396951, 1.0, 0.2620830957387027]"
mst,0,bge-base-en-v1.5,15,ArxivClusteringP2P,799486,0.4750186946634423,"[0.5049950570097527, 0.5038703020304165, 0.4902898258127352, 0.49861335331626533, 0.5034378525728024, 0.4849170845542943, 0.5083006858893752, 0.4733094840758272, 0.5074984799816685, 0.5448947799291871, 0.5421921086871437, 0.5438036435675901, 0.5401420093620465, 0.5424024531950814, 0.5400829441930355, 0.5415262515975552, 0.5434304862294406, 0.5366631964184907, 0.5376487159111785, 0.5007396781512736, 0.28029298416217646, 0.4488106004127768, 0.4193612652402581, 0.3373275923416455, 0.2546407749167138, 0.3107900365526705, 0.2420832597084132, 0.308601246453742, 1.0, 0.259894687629713]"
mst,0,bge-base-en-v1.5,20,ArxivClusteringP2P,1049120,0.47362258294008636,"[0.47104517323525963, 0.4894406217484384, 0.489019639131283, 0.4996058274764954, 0.47430223376111186, 0.5016307668872941, 0.48192354589980446, 0.5054991777582023, 0.5120941710147645, 0.5462174608197197, 0.5457336050909488, 0.541464049749104, 0.5420498319991861, 0.5430028558290346, 0.5439396536333094, 0.5407342789740536, 0.5455408280441559, 0.5366958344141061, 0.5431957413101433, 0.509046208394944, 0.2764839173666334, 0.44596857241303023, 0.4224527450085057, 0.3358805856646158, 0.2517853112951324, 0.28019664588800697, 0.23536992735848264, 0.3303673413032268, 1.0, 0.26799093673360036]"
mst,0,bge-base-en-v1.5,1,RedditClustering,101428,0.026675447142834166,"[0.015261127585566428, 0.025616595436139034, 0.03427351022755746, 0.02165939022145789, 0.02320897290767922, 0.024732639582775575, 0.023582638063585664, 0.03455840527190972, 0.03129266400465558, 0.030569663660205453, 0.03173336044924379, 0.02678575094819958, 0.027633054862714654, 0.029658212270662572, 0.012329772825663136, 0.03446907734252924, 0.020682390150271887, 0.019594695188598306, 0.02675461195903157, 0.03414343229382556, 0.03572629847801226, 0.032571440656977604, 0.018004148631914615, 0.02486677998259254, 0.027177545569084846]"
mst,0,bge-base-en-v1.5,2,RedditClustering,152138,0.42794159292430783,"[0.42612420371597615, 0.494491508256603, 0.40176017378314244, 0.4278742965674799, 0.42643866051725476, 0.3996696400994175, 0.43339267862933273, 0.3834373312982266, 0.39852047682158404, 0.4138565072814031, 0.4184046472430045, 0.48435567002124724, 0.396350230760944, 0.4040907969360786, 0.4372846662828493, 0.39283134727441166, 0.4880147518186388, 0.5287853011409624, 0.41022811455104424, 0.38227651528273354, 0.38721766267742247, 0.4140586096138646, 0.5314301271655999, 0.41670600076140946, 0.40093990460706586]"
mst,0,bge-base-en-v1.5,3,RedditClustering,202834,0.5372310863351059,"[0.5671886082865311, 0.5938504424400289, 0.5032211884171482, 0.5381149885870989, 0.5097350186549028, 0.5153940452076877, 0.5814654358245366, 0.45753963973463935, 0.496272972836816, 0.5038167705868505, 0.48523763696495803, 0.6200821502943527, 0.5306602854319606, 0.4913295930550255, 0.5909354538674236, 0.4868517829075366, 0.5926092630297889, 0.6562918225339586, 0.5110222819860079, 0.5096450420749022, 0.485371502368984, 0.4995313493470853, 0.6719038216555193, 0.537615947079358, 0.49509011520454416]"
mst,0,bge-base-en-v1.5,6,RedditClustering,354918,0.5801471264781405,"[0.5979043506152976, 0.6463639600743272, 0.5370174063925347, 0.5867694113461421, 0.572952754756196, 0.5620087804901716, 0.615083063745146, 0.5209905638611486, 0.5510035606933851, 0.5456046550797867, 0.5131945170703311, 0.6754642389611888, 0.5404709535515071, 0.5662682096336351, 0.6728064492099785, 0.5262343475792105, 0.6234668787709086, 0.675092334986247, 0.5415633525779917, 0.5448446153197427, 0.5244588337524855, 0.5334611982589321, 0.7086594527637942, 0.5912507648316985, 0.5307435076317236]"
mst,0,bge-base-en-v1.5,8,RedditClustering,456304,0.5822719160682868,"[0.6044251989701954, 0.6514261810529961, 0.5339778837099058, 0.6044251934959082, 0.5761720919358571, 0.5491356933783923, 0.6167400151496564, 0.5207951562717901, 0.5489788698484411, 0.5582114635279202, 0.5402469879256523, 0.6482259396080391, 0.5644785146403845, 0.5732093191596053, 0.6823775326180848, 0.539605136759654, 0.6059054734167214, 0.6365652422034823, 0.5620320143476818, 0.5566959175817832, 0.5321450584185441, 0.5351116231028987, 0.6699491409304529, 0.5896673320353354, 0.5562949216177854]"
mst,0,bge-base-en-v1.5,10,RedditClustering,557650,0.586022179306917,"[0.6049480499353357, 0.6422695409126316, 0.5328605785687418, 0.6029055908170625, 0.5628533125283475, 0.5670038394587155, 0.6140668881069324, 0.517247172792093, 0.5579661767480094, 0.5596192932787948, 0.5401050272446781, 0.6626160209173749, 0.5715319676606245, 0.5649773068602096, 0.6959795247468432, 0.5431615388621537, 0.622136715611337, 0.648988022786787, 0.5518939750548547, 0.5485996722671468, 0.5450697263466007, 0.5453917412442314, 0.7010562532884216, 0.590754607468014, 0.5565519391669851]"
mst,0,bge-base-en-v1.5,15,RedditClustering,810960,0.588213667640328,"[0.6204337612950194, 0.6398747011746271, 0.5272901238225995, 0.5982065978452191, 0.5760918524644234, 0.5596750560869571, 0.62344950676254, 0.5336212321310353, 0.559295068199368, 0.5625094577915979, 0.539432960534715, 0.6530261400009191, 0.5841068554856417, 0.5736007645953256, 0.6733145653204882, 0.5374828703806447, 0.6193182619000778, 0.6526307687973977, 0.5585730866418451, 0.5539171389009914, 0.5299403477530378, 0.5567097356898957, 0.7230446565696345, 0.598082596720244, 0.5517135841439563]"
mst,0,bge-base-en-v1.5,20,RedditClustering,1064154,0.5863618667679154,"[0.6200317463738482, 0.6566150898416286, 0.5336427047181884, 0.6014178571519093, 0.5774282418007426, 0.5677700819616488, 0.6110336798246072, 0.5436905153438311, 0.5527830097984835, 0.5495420966020225, 0.5393161098024016, 0.6306396805039735, 0.5821163785309776, 0.5848016917653055, 0.6769274882056281, 0.5368373569501547, 0.6227947721017728, 0.6437237534663853, 0.5578612789166147, 0.5510093993194958, 0.5301975786619896, 0.5386461455105495, 0.7102757713144504, 0.589783872963498, 0.5501603677677767]"
mst,0,bge-base-en-v1.5,1,BiorxivClusteringS2S,19990,0.030429183189959887,"[0.019560742666363127, 0.021101097489633285, 0.019342736821619234, 0.0192490338349358, 0.023987945870502327, 0.0384339352029973, 0.03878330707087494, 0.04065777678601216, 0.0411629198191304, 0.04201233633753026]"
mst,0,bge-base-en-v1.5,2,BiorxivClusteringS2S,29968,0.21204298418759387,"[0.21576831577761862, 0.21657638557433342, 0.20623455280313405, 0.20791336703249513, 0.19217603216171739, 0.22116189092582683, 0.20768423815010184, 0.20310680680032767, 0.21608818578002528, 0.2337200668703589]"
mst,0,bge-base-en-v1.5,3,BiorxivClusteringS2S,39968,0.3071561744784126,"[0.30478312803281893, 0.31222852284730335, 0.3019578911711502, 0.2993278242711377, 0.3078403619623826, 0.3051006173780567, 0.3160196088838145, 0.2972482668417993, 0.307417366033899, 0.3196381573617631]"
mst,0,bge-base-en-v1.5,6,BiorxivClusteringS2S,69904,0.3419032194910351,"[0.34239430342350263, 0.33806423254686285, 0.3413684985482058, 0.3346751119140169, 0.3401312124290454, 0.3538245211695602, 0.342695879409915, 0.34945632664072235, 0.3423848923898558, 0.3340372164386644]"
mst,0,bge-base-en-v1.5,8,BiorxivClusteringS2S,89840,0.348447068113759,"[0.3491664444975563, 0.3546631952198412, 0.3278872481493013, 0.34426801656069744, 0.34057856794209057, 0.36306691561421933, 0.34480038424235915, 0.356069538130214, 0.346580470028676, 0.35738990075263455]"
mst,0,bge-base-en-v1.5,10,BiorxivClusteringS2S,109762,0.35602290884717913,"[0.3441238019880581, 0.37167420868581813, 0.3544163323757322, 0.3582005670475644, 0.34890151217003174, 0.3624660581058183, 0.35274080912235717, 0.3644946016828618, 0.35039672225378243, 0.35281447503976715]"
mst,0,bge-base-en-v1.5,15,BiorxivClusteringS2S,159502,0.3560754103946929,"[0.35169271728479695, 0.36471653109370034, 0.35795373523784746, 0.34926389407663133, 0.34977713247840336, 0.3590503394078212, 0.35963769736066326, 0.36877292553899027, 0.3455974052326703, 0.3542917262354048]"
mst,0,bge-base-en-v1.5,20,BiorxivClusteringS2S,209142,0.36118737230106435,"[0.36191404800951105, 0.3598737833026268, 0.36233370931841835, 0.35026629005840587, 0.3584632159319827, 0.3731003946516328, 0.35118524642603105, 0.36438529280254617, 0.36318971767736613, 0.3671620248321227]"
mst,0,bge-base-en-v1.5,1,MedrxivClusteringP2P,9988,0.1279962228845553,"[0.0997781186267501, 0.0983076737026972, 0.10178385751768045, 0.10006199467520449, 0.09611036653652406, 0.15804697427651346, 0.16514895351070338, 0.16399244430979587, 0.1495533954343532, 0.147178450255331]"
mst,0,bge-base-en-v1.5,2,MedrxivClusteringP2P,14978,0.2386107346296092,"[0.2088662353810873, 0.22808594815332928, 0.21109833561948374, 0.21393984574962943, 0.22465706667223695, 0.2555966388427406, 0.2589154277062688, 0.26357659574038744, 0.25504343650053474, 0.26632781593039356]"
mst,0,bge-base-en-v1.5,3,MedrxivClusteringP2P,19970,0.2930562229696598,"[0.2856089851191672, 0.27820239954985987, 0.27404067154403283, 0.2797348440497933, 0.2782311678509189, 0.3104248704897036, 0.3016792083325851, 0.31884267720287873, 0.3130738853693994, 0.2907235201882589]"
mst,0,bge-base-en-v1.5,6,MedrxivClusteringP2P,34898,0.31841566451548786,"[0.31073929840523334, 0.295495290581425, 0.3080564453530388, 0.3166642163795959, 0.2953042264408126, 0.34067910930262474, 0.32827937725378253, 0.3345183933572393, 0.3245620264759231, 0.3298582616052037]"
mst,0,bge-base-en-v1.5,8,MedrxivClusteringP2P,44842,0.3197617803172955,"[0.298230792397978, 0.3008378544858482, 0.31781809550283, 0.31004042077969846, 0.3083681908680141, 0.3367094187691888, 0.3314915582026667, 0.339458519799345, 0.33159474255513377, 0.3230682098122527]"
mst,0,bge-base-en-v1.5,10,MedrxivClusteringP2P,54754,0.3188349637933879,"[0.3133449662349829, 0.3027806914227295, 0.30378170108777486, 0.3020075913287981, 0.30575202212380964, 0.3383924966172856, 0.3349241159536296, 0.33655504401410186, 0.33276820449998123, 0.31804280465078527]"
mst,0,bge-base-en-v1.5,15,MedrxivClusteringP2P,79460,0.32139138532847245,"[0.3127324396515647, 0.3059871216414463, 0.3104406106828727, 0.30403792757209036, 0.3157405409197931, 0.3381532543612925, 0.3385331614522138, 0.3353421304508266, 0.32738404692506, 0.3255626196275642]"
mst,0,bge-base-en-v1.5,20,MedrxivClusteringP2P,104132,0.3219153876873409,"[0.30231263036647976, 0.311414724038398, 0.30716608546879426, 0.31236121534307143, 0.3137154216254889, 0.33847123388422407, 0.3305120163588854, 0.34813064710321084, 0.3436661569519953, 0.31140374573286117]"
mst,0,bge-base-en-v1.5,1,BiorxivClusteringP2P,19994,0.031564040097823785,"[0.0243951805989021, 0.021185077640580696, 0.021476161055101858, 0.01982592531322825, 0.02287172419930878, 0.04197057487227672, 0.03830374230526548, 0.03926307951792943, 0.04499018876686246, 0.041358746708782076]"
mst,0,bge-base-en-v1.5,2,BiorxivClusteringP2P,29978,0.2280264006288411,"[0.20611197572267412, 0.23096349032474514, 0.22570749235927792, 0.21839712921833174, 0.21429862795114213, 0.24035451660460408, 0.23807769289814398, 0.2033929732701877, 0.25329565263707166, 0.24966445530223264]"
mst,0,bge-base-en-v1.5,3,BiorxivClusteringP2P,39970,0.324309812008416,"[0.33116058572465623, 0.33649395913426033, 0.3256288818080607, 0.3231196609338387, 0.3256060099503802, 0.33517433987576145, 0.3087767884592447, 0.3218298734346341, 0.3160154044533317, 0.3192926163099918]"
mst,0,bge-base-en-v1.5,6,BiorxivClusteringP2P,69902,0.36550442016778,"[0.3624277955320708, 0.3788274158734572, 0.3524279148392332, 0.3557943670980399, 0.36706287870905874, 0.3742152084143726, 0.3651243069564323, 0.37748050475147826, 0.3585910391775349, 0.36309277032612214]"
mst,0,bge-base-en-v1.5,8,BiorxivClusteringP2P,89844,0.3708576694912515,"[0.358983557569569, 0.38692930920335555, 0.3724248492179957, 0.369540646299711, 0.3662078988959658, 0.36804244948272385, 0.3721203080852103, 0.3739481578272259, 0.3627310491087624, 0.3776484692219958]"
mst,0,bge-base-en-v1.5,10,BiorxivClusteringP2P,109748,0.37548339720469714,"[0.36756730328543513, 0.3826619327790337, 0.3590379469116409, 0.3738205798347875, 0.37385638351839573, 0.38419934901435426, 0.3735672305432473, 0.3823031355558472, 0.37618396680945226, 0.3816361437947773]"
mst,0,bge-base-en-v1.5,15,BiorxivClusteringP2P,159492,0.381091742299749,"[0.39119071032358216, 0.3835468885223654, 0.3738933597321504, 0.360407443660649, 0.37456795587539327, 0.3875096222678505, 0.3768495295663001, 0.39323305501697514, 0.3749625265041681, 0.39475633152805567]"
mst,0,bge-base-en-v1.5,20,BiorxivClusteringP2P,209106,0.3833882118083073,"[0.38765626801616754, 0.38603841484055024, 0.3826190073759355, 0.37790565940875387, 0.38338469061120656, 0.39184287348363644, 0.3788792174712661, 0.3933715998996939, 0.37245489583680336, 0.3797294911390598]"
mst,0,bge-base-en-v1.5,1,ArxivClusteringS2S,99990,0.07979603025674036,"[0.003486575322375326, 0.003621529880400419, 0.003877062054297077, 0.004408157417893506, 0.0038294816137311284, 0.004270268865936308, 0.004644143042684817, 0.003096706318536461, 0.0031620322723822027, 0.003604827022773754, 0.12283482563764216, 0.12214316909627061, 0.12234124827734945, 0.12609342226327194, 0.12402144984454343, 0.1191322315036629, 0.12425933241409232, 0.12370963882562372, 0.12241757407320134, 0.12071698150253664, 0.0731925292080539, 0.004457247201685095, 0.046354092436879483, 0.006142889268821558, 0.018703988877156588, 0.022988834094824124, 0.012225595429599804, 0.006443251674168197, 0.00905842758856799, 1.0, 0.008439424929989446]"
mst,0,bge-base-en-v1.5,2,ArxivClusteringS2S,149986,0.31517528437987935,"[0.3248409162670448, 0.30379630314844297, 0.3246836840464005, 0.32716804521819, 0.320148240794658, 0.31108356293932254, 0.32256965732786813, 0.33293836514850267, 0.3330297538818634, 0.3187264657244372, 0.37068493887204845, 0.3628259344519282, 0.36157235203170235, 0.3656945673081883, 0.36072122765997067, 0.36477180185859776, 0.37434384304356433, 0.35987267798479783, 0.3654325921245791, 0.3617326990068698, 0.3291659893452856, 0.12136243978252442, 0.22075742239473595, 0.25775297942609543, 0.214637200544538, 0.1265986349088013, 0.16635295481680595, 0.13072972485341522, 0.19217345525611332, 1.0, 0.14426538560896549]"
mst,0,bge-base-en-v1.5,3,ArxivClusteringS2S,199974,0.39536217527877027,"[0.4100151153081024, 0.42000303397456185, 0.4153861425737046, 0.4131707458935956, 0.4244905257878511, 0.4022535072412435, 0.4216231078884882, 0.3941530614696675, 0.41860937420010697, 0.42495523313217815, 0.44260141773467143, 0.4519977527779333, 0.4433069463056314, 0.4470469196891989, 0.4427833176855047, 0.4424499822674955, 0.440223802648023, 0.43854140623409954, 0.4405940878974392, 0.44224576033866914, 0.40532064648169475, 0.21755022423095022, 0.31419812750009957, 0.38827230754612924, 0.27871594562344343, 0.193326589665601, 0.2229176189689099, 0.19017546632922974, 0.2677207325206342, 1.0, 0.20157853372702006]"
mst,0,bge-base-en-v1.5,6,ArxivClusteringS2S,349892,0.4232487587358729,"[0.433434786457986, 0.4402905655736919, 0.4355626114324423, 0.44474982098090193, 0.4493762040042785, 0.4463598230882498, 0.45697449784965183, 0.45332164320355567, 0.4425709280472732, 0.44241809107672714, 0.4686737912769412, 0.47063176378347577, 0.4734345876718324, 0.4709019061983535, 0.46969611849690823, 0.47049043014094405, 0.4695474325487172, 0.4756849602801626, 0.4658435062572847, 0.4675382358823619, 0.4455876155157323, 0.24198302807210129, 0.3325523536857703, 0.40458099512904877, 0.30730021741119273, 0.21828601763000868, 0.2901114228527749, 0.21718969613027672, 0.29088081650171704, 1.0, 0.22473765363169684]"
mst,0,bge-base-en-v1.5,8,ArxivClusteringS2S,449838,0.42228730313332236,"[0.44002608139643223, 0.41778422956477507, 0.43769380132647173, 0.44437733274764046, 0.44889343466962534, 0.44992390307076996, 0.44332474552943973, 0.45431066855751134, 0.44949057676427306, 0.4434836429361005, 0.47718865349104805, 0.4741553185591414, 0.46933127037170563, 0.4723915586158487, 0.4710064701618745, 0.4723490152474118, 0.4740775766988838, 0.46767778764967843, 0.47010103620493543, 0.47679244875569415, 0.4414456480939204, 0.2450942736350296, 0.3468787940608448, 0.37607939982908617, 0.3054457683185716, 0.2195931763832961, 0.28261216332514155, 0.21279554518076832, 0.29374749778607184, 1.0, 0.21283457820100274]"
mst,0,bge-base-en-v1.5,10,ArxivClusteringS2S,549750,0.41891203395797133,"[0.4388862498993443, 0.44544034580764763, 0.44176023421166016, 0.42787650131985366, 0.4515817495192601, 0.44394250846330724, 0.44642882161117725, 0.4561973268756283, 0.44234969049561673, 0.44238300398485175, 0.47216517573585914, 0.4737990489704738, 0.47924669620984295, 0.47151085925878883, 0.4707538694623547, 0.4719118790319003, 0.48006472960208213, 0.4762072262638365, 0.470244986135411, 0.4679361396065529, 0.4390695925634533, 0.17682419365839816, 0.3344646848387991, 0.3946968245935889, 0.30535152659318704, 0.2199658811495607, 0.24299078061986415, 0.2102624160553788, 0.2691827054635608, 1.0, 0.2227774046958701]"
mst,0,bge-base-en-v1.5,15,ArxivClusteringS2S,799492,0.4228899232924105,"[0.4600936004564046, 0.43673128786244686, 0.42656222192429555, 0.4556095477905055, 0.44916237521753744, 0.4452255440475182, 0.4418815590116538, 0.4462191478045041, 0.4480166433097715, 0.4446960156688398, 0.47616736087775097, 0.47431834085286284, 0.4786829598453041, 0.47296283523246135, 0.47344246355380476, 0.47464929975585674, 0.4733809178419784, 0.4775341167690611, 0.4741716996422956, 0.4750984601866534, 0.44473656634912295, 0.19730951020207427, 0.3381143421884566, 0.4129107871437167, 0.30653816106324727, 0.2053364918257154, 0.2686218439229351, 0.21279355424645202, 0.2987926658754431, 1.0, 0.21982730159605524]"
mst,0,bge-base-en-v1.5,20,ArxivClusteringS2S,1049114,0.4226208463369238,"[0.45091065035099503, 0.4493276920934307, 0.4508405104708391, 0.454792854865363, 0.4583892606351235, 0.4397850187253254, 0.44029730388812943, 0.44538505451461197, 0.44243144829842984, 0.4548499717102513, 0.4782522946764281, 0.47801116881197747, 0.48066204848266775, 0.47719760739241346, 0.4763088382034021, 0.47737565754294714, 0.4767979133093211, 0.4788174486298903, 0.4739356507315311, 0.4762554697846346, 0.4436315176257393, 0.1929862754381015, 0.34121963914461473, 0.40046182298430505, 0.3072442199866495, 0.21518510482802175, 0.24394271464839473, 0.20960450609333847, 0.2734701898346378, 1.0, 0.21287638274312234]"
mst,0,bge-base-en-v1.5,1,StackExchangeClustering,78718,0.02561281924733719,"[0.02603556717218317, 0.02119618482180251, 0.028831090506851967, 0.018548465877103827, 0.015231997837282516, 0.029477574445293916, 0.030331129736501074, 0.022134789398222, 0.0282645888948327, 0.03297171096059683, 0.01740206021273241, 0.015505798180238756, 0.014802799586052717, 0.016322281380480582, 0.03741989904628324, 0.027448476090793695, 0.03317858953319399, 0.017022409412856862, 0.03811245053042848, 0.03399227697946862, 0.03449693569685614, 0.02306015490856921, 0.023436466261143374, 0.02484242174247127, 0.03025436197118994]"
mst,0,bge-base-en-v1.5,2,StackExchangeClustering,118074,0.5368864601260481,"[0.5727153605770193, 0.5573818303260074, 0.4716603565001735, 0.5667035616636206, 0.5299602069980696, 0.5025336449152104, 0.5040392995374792, 0.6373988647635811, 0.5594593457726044, 0.5293547594955543, 0.5721982453207886, 0.6226045891263166, 0.5634712628562865, 0.5145643022735104, 0.5088807058233286, 0.5107617429394051, 0.5202997717089284, 0.479603872658166, 0.5274187941615267, 0.5285096489927431, 0.5591487788188441, 0.5107169472949664, 0.4911508051099826, 0.559676399071957, 0.5219484064451339]"
mst,0,bge-base-en-v1.5,3,StackExchangeClustering,157428,0.6439283660326861,"[0.6917552658782274, 0.676562233091952, 0.5711405574001646, 0.6740153371483346, 0.6591565324111068, 0.6089027910067385, 0.5878726391520539, 0.7557292938129262, 0.635272517488399, 0.6362292812630606, 0.6774532916984113, 0.7114465304096917, 0.7193231040368185, 0.697585623848696, 0.5798566022899094, 0.611994843873719, 0.6131681837618647, 0.6123042308217447, 0.6225015556892569, 0.620386911095378, 0.6565093376318621, 0.5992892194172036, 0.599820183475902, 0.6754831970560847, 0.6044498870576448]"
mst,0,bge-base-en-v1.5,6,StackExchangeClustering,275470,0.6759722912565223,"[0.6984804904171348, 0.6886024945843334, 0.5994692367478621, 0.6873796413844989, 0.7058692951904727, 0.6518451389216714, 0.62888790711541, 0.766603888716406, 0.6733633402594102, 0.6583369803124198, 0.7549835185625849, 0.7812297049787983, 0.7676926549146024, 0.7390539397801218, 0.6228267222941715, 0.6349185846793296, 0.638850040252467, 0.6305064968735133, 0.6452913659516073, 0.6383274353033728, 0.6550889883728079, 0.6497794860285513, 0.6406917012064789, 0.700399049021148, 0.6408291795438794]"
mst,0,bge-base-en-v1.5,8,StackExchangeClustering,354122,0.6765589399755667,"[0.7126558714995883, 0.6999329077572582, 0.6095576652527637, 0.6780425418116294, 0.7007474010056617, 0.6499375788815709, 0.6180222744542345, 0.7560897941397808, 0.671087622721665, 0.6514766250692308, 0.721626264421708, 0.8141411961646978, 0.7287824237226741, 0.7188930105562115, 0.6194443643910048, 0.6486730390220559, 0.6386063471170951, 0.6540694467427839, 0.6433868534697819, 0.6489210972365258, 0.6788232312748314, 0.6552498547788045, 0.6521127619026202, 0.7102732343875285, 0.6334200916074622]"
mst,0,bge-base-en-v1.5,10,StackExchangeClustering,432760,0.6767547202986234,"[0.7319925969065089, 0.6826493200383342, 0.5908074879534345, 0.6804124086319745, 0.6402306552163832, 0.6472719415797539, 0.6195908566651226, 0.7477546937050763, 0.671505022738902, 0.6634028992129822, 0.760037651291525, 0.7836825301024469, 0.7734457485420375, 0.7607274909213059, 0.6183647797088042, 0.6413749652369173, 0.6465537954389491, 0.649462246412112, 0.6474274127195189, 0.6457681743121745, 0.6794925122328498, 0.6508657218379614, 0.6405001357199475, 0.7072905904615919, 0.6382563698789674]"
mst,0,bge-base-en-v1.5,15,StackExchangeClustering,629292,0.6782424606507863,"[0.7234909662714174, 0.6859686063501623, 0.6009314048099765, 0.6926454411357862, 0.7002888432601528, 0.6650800752272055, 0.6199078974671045, 0.7526283251145542, 0.6629914352062278, 0.6580884999635714, 0.7588853175895701, 0.7710702881170552, 0.7918158028334404, 0.7199044251690613, 0.6148799371509611, 0.6567232912591453, 0.6391723115100184, 0.6449475967996651, 0.6537217218405652, 0.6388892969782161, 0.6554945571590951, 0.6560379234325511, 0.652455636944625, 0.700482742455725, 0.6395591722238045]"
mst,0,bge-base-en-v1.5,20,StackExchangeClustering,825770,0.6732951073711461,"[0.7075871716219143, 0.6889209925702678, 0.5964594760026735, 0.6921541886318471, 0.7036199726918648, 0.6472207089571509, 0.6182595174122225, 0.7556227216978929, 0.6654256461638094, 0.6550127155653879, 0.7349203853317978, 0.7470091180538935, 0.7839916934458983, 0.7205299531343349, 0.6132202231355989, 0.6415288197146571, 0.6338650719018648, 0.660420659695008, 0.6430744503191788, 0.6343545182833477, 0.6606374656152839, 0.6481211597478376, 0.6458398713247904, 0.6915437042025536, 0.643037479057572]"
mst,0,bge-base-en-v1.5,1,MedrxivClusteringS2S,9994,0.12493117845907467,"[0.09215067344377208, 0.09487774102613987, 0.09739042199896668, 0.09884854650747216, 0.09451736748482052, 0.15114878329777076, 0.1618348467123795, 0.15131579168247689, 0.15072201655287681, 0.1565055958840716]"
mst,0,bge-base-en-v1.5,2,MedrxivClusteringS2S,14988,0.22567034742175024,"[0.2083918748379656, 0.20657675731450026, 0.19909599627768235, 0.20873483830170864, 0.21460213611881454, 0.26000319655276277, 0.2312642438777069, 0.2412265344099034, 0.25922655379472953, 0.22758134273172836]"
mst,0,bge-base-en-v1.5,3,MedrxivClusteringS2S,19974,0.279723499639944,"[0.2638232335059893, 0.2637046419189278, 0.26360758112321286, 0.2695118054126757, 0.27572539774941107, 0.2933418350230376, 0.2827286529145774, 0.2964299233872606, 0.29981382455610545, 0.2885481008082424]"
mst,0,bge-base-en-v1.5,6,MedrxivClusteringS2S,34904,0.30135860584863383,"[0.2914390574885585, 0.29767476262130704, 0.2969392594830191, 0.27911776753034573, 0.29487837383529647, 0.3146152815601047, 0.3107407600156321, 0.32464249433738535, 0.31089516829677827, 0.29264313331791086]"
mst,0,bge-base-en-v1.5,8,MedrxivClusteringS2S,44846,0.3096141223273891,"[0.2939011668956765, 0.28433944928390475, 0.29569023818175777, 0.3088723046212661, 0.29962593756208106, 0.33247307129066306, 0.31466511993447466, 0.333635953413498, 0.32615559875599326, 0.3067823833345763]"
mst,0,bge-base-en-v1.5,10,MedrxivClusteringS2S,54770,0.30912405841460205,"[0.3080290467909988, 0.2835239868917713, 0.28872243303848466, 0.2914710487559574, 0.3066680742360061, 0.31876117195399567, 0.3147200973356187, 0.3359982139133971, 0.31850530002805133, 0.32484121120173926]"
mst,0,bge-base-en-v1.5,15,MedrxivClusteringS2S,79510,0.30926072229864654,"[0.2968344740136881, 0.2975211413516187, 0.29593927960939004, 0.29501163262760255, 0.304240053277805, 0.3264692808759842, 0.3098090892332686, 0.32597076308613004, 0.32383406337657117, 0.31697744553440665]"
mst,0,bge-base-en-v1.5,20,MedrxivClusteringS2S,104120,0.31089066944977756,"[0.2972721357178466, 0.2959694342224437, 0.2979341808730084, 0.29563637975035245, 0.30404029879256667, 0.3260179210034386, 0.31846663177126444, 0.3279664417504292, 0.32146368157743177, 0.3241395890389932]"
mst,0,bge-base-en-v1.5,1,StackExchangeClusteringP2P,19992,0.28325465074483197,"[0.26473691280614037, 0.25424956309894253, 0.2553586086374829, 0.25406635281571527, 0.26010973478077265, 0.317380921459311, 0.3037463452385899, 0.3064655866519769, 0.31080263319750684, 0.30562984876188176]"
mst,0,bge-base-en-v1.5,2,StackExchangeClusteringP2P,29974,0.3257521488394865,"[0.3074866302982169, 0.3021576508296509, 0.3088086711228199, 0.29927242127764625, 0.3027613965084921, 0.35568120281529375, 0.3415413583009394, 0.3469372871864121, 0.3454323905992937, 0.3474424794561008]"
mst,0,bge-base-en-v1.5,3,StackExchangeClusteringP2P,39974,0.34668381999364073,"[0.3339008057000929, 0.32374551083388226, 0.32883745335937886, 0.3277148194357403, 0.32890017627393237, 0.3782174094354775, 0.3555050279762298, 0.3637902337124473, 0.36073977697967036, 0.36548698622955605]"
mst,0,bge-base-en-v1.5,6,StackExchangeClusteringP2P,69908,0.3636900801423661,"[0.3491958572591687, 0.3467079772431052, 0.3452500986242888, 0.34447963915176466, 0.35150220681697, 0.3912789738276013, 0.3698210838003648, 0.3774606946239922, 0.3803178662366344, 0.38088640383977107]"
mst,0,bge-base-en-v1.5,8,StackExchangeClusteringP2P,89832,0.3670493744898358,"[0.3525086741612591, 0.34900933590380095, 0.3544345030370356, 0.34945946440640435, 0.3496530918509659, 0.3926536612169043, 0.3786542217830874, 0.37928779553781855, 0.3847544262811253, 0.3800785707199574]"
mst,0,bge-base-en-v1.5,10,StackExchangeClusteringP2P,109744,0.36962342463009223,"[0.3567839986613809, 0.35511968961826906, 0.3518904859833964, 0.34999964886683266, 0.3535382500977238, 0.40004338441321385, 0.3780129262212637, 0.3835721225471126, 0.3847667406670982, 0.38250699922463144]"
mst,0,bge-base-en-v1.5,15,StackExchangeClusteringP2P,159506,0.3733016273871427,"[0.3606671236932737, 0.3610693677477518, 0.35530048429645267, 0.3510027208069152, 0.36180229397075037, 0.3975402391243861, 0.3827894636224039, 0.38408515161606815, 0.3887679822550123, 0.3899914467384123]"
mst,0,bge-base-en-v1.5,20,StackExchangeClusteringP2P,209122,0.3742512187586047,"[0.3629170180812129, 0.3634173574638807, 0.3557808645631321, 0.3566029919504721, 0.35851114073990265, 0.4038324948980937, 0.3794172146302756, 0.3857509725347789, 0.3890702895775366, 0.38721184314676194]"
base,0,all-MiniLM-L12-v2,1,TwentyNewsgroupsClustering,21816,0.32443665931926013,"[0.3723276329766815, 0.3700183137981524, 0.33540092147026324, 0.3122448201948032, 0.2968423761009475, 0.29597252841426847, 0.33563042186506786, 0.3100241216197467, 0.30559383697729264, 0.31031161977537736]"
base,0,all-MiniLM-L12-v2,2,TwentyNewsgroupsClustering,43628,0.38608506160082035,"[0.4356347699491223, 0.3991014201750438, 0.4141449390117863, 0.39189206627980794, 0.40563743012976766, 0.3358651472937743, 0.36416217587551053, 0.3798854331282563, 0.3611011462259254, 0.37342608793920906]"
base,0,all-MiniLM-L12-v2,3,TwentyNewsgroupsClustering,65436,0.40168639141654755,"[0.44975600840236396, 0.4544533430528925, 0.39999760482402713, 0.4307823500137553, 0.4057476888176559, 0.3519474241394393, 0.3812067742310632, 0.3963198606665256, 0.34018023746402487, 0.40647262255372746]"
base,0,all-MiniLM-L12-v2,6,TwentyNewsgroupsClustering,130836,0.43359499165672133,"[0.47537593303282133, 0.45760953402318555, 0.4423418609792114, 0.4365030586301037, 0.4780565137168121, 0.4342864760808728, 0.41321726031660744, 0.4538714859987791, 0.4085014914679112, 0.33618630232090924]"
base,0,all-MiniLM-L12-v2,8,TwentyNewsgroupsClustering,174416,0.44336529141079833,"[0.4704226486357895, 0.46930919002889954, 0.44733128969437747, 0.43338828270035695, 0.4561578842207753, 0.44055615955800437, 0.42130699754288686, 0.44372732954567173, 0.4152623044840718, 0.43619082769714995]"
base,0,all-MiniLM-L12-v2,10,TwentyNewsgroupsClustering,217980,0.44532972159998696,"[0.4759672406694434, 0.4789954134356646, 0.479168794066707, 0.4661007684311405, 0.458763522479982, 0.4031230015315261, 0.4282250504791476, 0.3950213587303433, 0.4433613511768032, 0.42457071499911175]"
base,0,all-MiniLM-L12-v2,15,TwentyNewsgroupsClustering,326820,0.45175005862121037,"[0.47461828290296165, 0.4768740419505116, 0.48489746531558353, 0.42504390460876634, 0.463988120030186, 0.4647993353740412, 0.46458502228146065, 0.4241544863278651, 0.4141118687516804, 0.42442805866904715]"
base,0,all-MiniLM-L12-v2,20,TwentyNewsgroupsClustering,435560,0.45345822368338345,"[0.4660607131116742, 0.46132868045049585, 0.4531051484081041, 0.4610283912162254, 0.44579232541609076, 0.4608951165582019, 0.4404832136166516, 0.4709035462276427, 0.45541986100800563, 0.41956524082074254]"
base,0,all-MiniLM-L12-v2,1,ArxivClusteringP2P,49998,0.33447196382688865,"[0.26076796948002423, 0.28876563059362287, 0.2969749960349117, 0.3016444362687679, 0.3149021812850014, 0.2737884804430948, 0.2898656273881369, 0.25074834704283294, 0.2588720699560169, 0.2925952178450953, 0.4181138187726171, 0.42714750736766915, 0.41744375677999795, 0.42849259841849957, 0.41255892784165366, 0.43694849365900734, 0.4298850192893428, 0.4205656105101039, 0.4235942068931384, 0.4198551276912398, 0.37393034618808635, 0.14772930456359923, 0.32195138109232696, 0.3122823882200085, 0.2493225919359077, 0.17683027409828292, 0.21947809968514315, 0.12107240098729578, 0.17845436523942063, 1.0, 0.2040497030627018]"
base,0,all-MiniLM-L12-v2,2,ArxivClusteringP2P,99992,0.4393002116915618,"[0.4647537256245661, 0.43692103368281227, 0.4723050410038773, 0.469351334001957, 0.4663493183276602, 0.4828765900244754, 0.46563303517091237, 0.4665185536449871, 0.44655725855415235, 0.469720099012131, 0.4859997055672513, 0.48399752671707524, 0.4816704489278374, 0.4829452255939146, 0.479066541221721, 0.4837812407362381, 0.48554481212529427, 0.4833015759087464, 0.47659023729842565, 0.4883908994032952, 0.45049326425541697, 0.2697297410859113, 0.39457514780089736, 0.41521502574753416, 0.33194781605794715, 0.2270246127767341, 0.2740978937207441, 0.2186287695695352, 0.28927383292291875, 1.0, 0.27504625595344395]"
base,0,all-MiniLM-L12-v2,3,ArxivClusteringP2P,149982,0.4483338048374444,"[0.46865937492133286, 0.4634359831267841, 0.47365457799338384, 0.458396384508969, 0.4814330596944538, 0.46514455120437564, 0.46539182178884514, 0.4845456528453343, 0.47195995297896587, 0.4759761085963011, 0.4991410805754755, 0.49646472854549517, 0.5012114418899021, 0.4959992827194588, 0.5059180462215506, 0.4913492628159294, 0.5023839872916311, 0.5031671125286349, 0.4959553882829058, 0.49696732612303307, 0.451253989380746, 0.2468622555190848, 0.4194128828086183, 0.41607905212458385, 0.3374906062547945, 0.250879091438709, 0.30408906938396013, 0.2259875799257981, 0.27504076354833773, 1.0, 0.274097534923384]"
base,0,all-MiniLM-L12-v2,6,ArxivClusteringP2P,299928,0.4559753587321264,"[0.4916242793587888, 0.465227608753492, 0.4738444405242967, 0.4874674065693657, 0.49206462055051375, 0.4831019401012453, 0.4822835657311929, 0.4881831748631336, 0.47558331777926144, 0.45948466476503624, 0.5061474398992499, 0.5044158256904153, 0.5150361399100795, 0.5101063918107666, 0.5051773095590285, 0.5112676869257133, 0.5101620074776089, 0.5119051223485869, 0.5084811128040229, 0.5066414061336383, 0.46488565928145875, 0.26640445133854385, 0.42772379703606983, 0.42092342367633, 0.3229548433569675, 0.23645488460684042, 0.30313570786626926, 0.22348512056164288, 0.30283700580657524, 1.0, 0.2782257656097825]"
base,0,all-MiniLM-L12-v2,8,ArxivClusteringP2P,399872,0.45569798735397515,"[0.49055371900440603, 0.465870314480837, 0.4809763214395715, 0.4981273666708006, 0.48821627608645785, 0.48246815131387055, 0.4596077967928955, 0.502159765055585, 0.4851545758322945, 0.49185854692363123, 0.5141313924289549, 0.5117651104470329, 0.5139868832690093, 0.5089317063192549, 0.514117404767159, 0.5102717902943729, 0.5102500301518227, 0.5090659636822612, 0.5111436950504389, 0.5086009169135293, 0.46047925388998673, 0.26621205608953313, 0.42833160030656253, 0.39232357264294154, 0.31966274072283457, 0.24597494662111996, 0.27727319407913353, 0.21381742051147826, 0.2944585912704143, 1.0, 0.27084650491503887]"
base,0,all-MiniLM-L12-v2,10,ArxivClusteringP2P,499800,0.45275438890071945,"[0.466970441638954, 0.474575625479505, 0.47804745107529745, 0.47941408205103075, 0.48155910388395523, 0.46948869211907013, 0.47856060338806433, 0.46931870239830087, 0.486166288239014, 0.4656276256032064, 0.5118968004652046, 0.5114291345699904, 0.5148504129339208, 0.5093573360390893, 0.5076076304359247, 0.5163183819161318, 0.5098117103953775, 0.5118279716716132, 0.5113832860893207, 0.5073841338318824, 0.47862461374878945, 0.21510550757809754, 0.4263596171178232, 0.4117431084313301, 0.3251513366040638, 0.24312631546863503, 0.2944324376879289, 0.22371152331166616, 0.27989827463290257, 1.0, 0.2756379071162121]"
base,0,all-MiniLM-L12-v2,15,ArxivClusteringP2P,749550,0.45634420859191954,"[0.4914920408985827, 0.4796328845840881, 0.48749454113597646, 0.477668961555243, 0.49800822552849017, 0.48744924085895613, 0.4830525269582595, 0.4990903382582632, 0.4672813317921206, 0.4624733445300249, 0.5142176849799576, 0.5133572704187479, 0.5139793447330904, 0.5133892078787085, 0.514762951234384, 0.5166922757256391, 0.5135023629292659, 0.5148974532596773, 0.5099221211614372, 0.5155241818867806, 0.47406162432864934, 0.26451614822148195, 0.4230376465222691, 0.39814348381794906, 0.31648273932500415, 0.23701547774122453, 0.27219680808711805, 0.21822584081473925, 0.28649497489395837, 1.0, 0.2826074322894195]"
base,0,all-MiniLM-L12-v2,20,ArxivClusteringP2P,999200,0.45470151339226184,"[0.4879420715724855, 0.4909032586177383, 0.48972771695255807, 0.4689290570960157, 0.467694694670007, 0.4951222271536216, 0.4820309958408036, 0.4860204845202881, 0.47647180031112757, 0.4561869556500626, 0.5154124203563177, 0.5155092642161883, 0.5172238935633134, 0.5082819520787087, 0.5137847602638893, 0.5135910254884167, 0.5193764451547701, 0.5164186244890687, 0.5155254368110714, 0.5143212821999852, 0.47415843295990784, 0.2654400164161362, 0.4206291208762584, 0.39539525409370924, 0.31380632488218113, 0.24960860454099848, 0.2587327848102891, 0.2217547467941434, 0.2724826356595612, 1.0, 0.273264627120492]"
base,0,all-MiniLM-L12-v2,1,RedditClusteringP2P,124520,0.4376192188729261,"[0.5019217714525496, 0.467243370478434, 0.5084688650707424, 0.2650596839336144, 0.4501414324200151, 0.408576443480639, 0.234295734713541, 0.5290751569619823, 0.5089047973109556, 0.5025049329067875]"
base,0,all-MiniLM-L12-v2,2,RedditClusteringP2P,249036,0.638083236296439,"[0.5961697785896724, 0.6394645116806633, 0.5692616997161467, 0.5691179362238967, 0.6724653109835124, 0.5356732008042316, 0.6033995720652648, 0.7518678040936708, 0.6706575378235309, 0.7727550109838018]"
base,0,all-MiniLM-L12-v2,3,RedditClusteringP2P,373548,0.6316288931248092,"[0.6143780748433779, 0.6434081699959228, 0.5836220163560797, 0.5295260143369263, 0.6832882841465932, 0.5386668911186332, 0.5252780194552409, 0.7477358068253198, 0.6858855276076472, 0.7645001265623517]"
base,0,all-MiniLM-L12-v2,6,RedditClusteringP2P,747060,0.629671287026731,"[0.5978626559722346, 0.6492296667185304, 0.5811596135085617, 0.4953800133011204, 0.6827141200273513, 0.548244251209599, 0.582022129447373, 0.7546706133160048, 0.6763015447338412, 0.7291282620326933]"
base,0,all-MiniLM-L12-v2,8,RedditClusteringP2P,996048,0.6188227311696315,"[0.6016703898304594, 0.6445636598572294, 0.5995931527524768, 0.48854804660003226, 0.6705072680190469, 0.5420466173707701, 0.4868244626159393, 0.7363484030731118, 0.6757909164125249, 0.7423343951647244]"
base,0,all-MiniLM-L12-v2,10,RedditClusteringP2P,1245020,0.6207227587469438,"[0.5894979810064627, 0.6349953966581593, 0.5877935386348659, 0.47770514135029424, 0.6688564779707654, 0.5414710340629543, 0.5942924731674851, 0.7345859122282578, 0.6490032521314099, 0.7290263802587833]"
base,0,all-MiniLM-L12-v2,15,RedditClusteringP2P,1867380,0.6080740137275689,"[0.5912605959130626, 0.6193750704112264, 0.5708699450300719, 0.4847845956246929, 0.6668336246871174, 0.5249812833418839, 0.5119886066728583, 0.7360544016912994, 0.6571200545685667, 0.7174719593349087]"
base,0,all-MiniLM-L12-v2,20,RedditClusteringP2P,2489640,0.6047703760569804,"[0.5849278144421773, 0.6204875100938769, 0.5438575463298486, 0.4263937681570185, 0.6563080207771677, 0.5336833910669808, 0.6092252837202691, 0.709817837354096, 0.6390667971800668, 0.7239357914483027]"
base,0,all-MiniLM-L12-v2,1,RedditClustering,50718,0.32256829415592847,"[0.2906498678483888, 0.3513600563627316, 0.2986929931486451, 0.29597721877882616, 0.3098830459299364, 0.2780325908808922, 0.3588693154509965, 0.2765828199371308, 0.30320533862707094, 0.3130541682797665, 0.3015673479089758, 0.4005079162988893, 0.29812123267555146, 0.3489561928504508, 0.3742542161363508, 0.30744079991603146, 0.32282148882806033, 0.3886822020335905, 0.32935130631635373, 0.30880579292739324, 0.2986449075676038, 0.29955804413892106, 0.37610352744764985, 0.3372030915525371, 0.29588187205546784]"
base,0,all-MiniLM-L12-v2,2,RedditClustering,101432,0.4863230555768665,"[0.5285989007220655, 0.5483814186736187, 0.4406492086970216, 0.44577198736025464, 0.48927862790015547, 0.4727513537051609, 0.5346403503323404, 0.42178529156281797, 0.4412926520797907, 0.46549710527707905, 0.4378018251267765, 0.5835588861762847, 0.4811641332603556, 0.47022814302525234, 0.5938171637810921, 0.4356763615395178, 0.4973704273045523, 0.6042009059810197, 0.4486700105809476, 0.4434516078674322, 0.41837151742824713, 0.4517857682717835, 0.6023150099934472, 0.4923159360451834, 0.4087017967294678]"
base,0,all-MiniLM-L12-v2,3,RedditClustering,152142,0.5073675533078761,"[0.5245676596828127, 0.5825687996287794, 0.46636463977175285, 0.4815858902986825, 0.4869509462163268, 0.49480842977246897, 0.48226360950660424, 0.45333894589526613, 0.47643008919367263, 0.4816808586224279, 0.4449364503437893, 0.6298166214352914, 0.4920755253809998, 0.48866554074054763, 0.6042386175329868, 0.4792350454627188, 0.5548021104486938, 0.614626150107033, 0.48163343091846894, 0.45833950018836134, 0.4549087103698263, 0.4955914540531094, 0.6125842969750077, 0.4957617201008095, 0.4464137900504643]"
base,0,all-MiniLM-L12-v2,6,RedditClustering,304248,0.5351910874782041,"[0.5675129246164325, 0.616773261507875, 0.47093506780990013, 0.5180841063549834, 0.5351849368239467, 0.5317678958762236, 0.5663493476777063, 0.4879141076468908, 0.5051106394257522, 0.5071909195505084, 0.4887329021733202, 0.5980221582698197, 0.5206382945396538, 0.5325693141800065, 0.6097040940864566, 0.5053659376627739, 0.5376020824113464, 0.6394657289045946, 0.5065691379447151, 0.49239402158816153, 0.4875986488166181, 0.5033945342106119, 0.637427723058237, 0.5392446309466593, 0.47422477087191056]"
base,0,all-MiniLM-L12-v2,8,RedditClustering,405632,0.5378913960486635,"[0.590900274299841, 0.5997677923739425, 0.48418426627838046, 0.5055692307675075, 0.5374756969295676, 0.514429952247466, 0.5717709203333674, 0.4897033506266742, 0.5045562480041313, 0.5074979501476156, 0.503632547201202, 0.6091216314408399, 0.5397211387718972, 0.5307531932263875, 0.606375790052839, 0.4912620258481718, 0.5624442625209111, 0.6266308617955317, 0.515257998674424, 0.492454871545532, 0.4975348018228336, 0.5033468008260571, 0.6434325447337297, 0.5378587970940567, 0.4816019536536801]"
base,0,all-MiniLM-L12-v2,10,RedditClustering,507000,0.5418269338582248,"[0.5856753327749622, 0.6037159612647458, 0.49139360708465635, 0.5140963931037148, 0.5352667056417311, 0.5093164740041574, 0.5920548331695503, 0.4885852591333651, 0.5034436110498368, 0.5104885100403526, 0.5013727805760061, 0.5778613559644742, 0.5256555692638462, 0.5398528020430344, 0.6530629329617182, 0.5068869865372849, 0.560654256955373, 0.6382745204660729, 0.5074099698864457, 0.49785394697415003, 0.5018106341703162, 0.5108543065216621, 0.6545830163858193, 0.5317870790253966, 0.5037165014569465]"
base,0,all-MiniLM-L12-v2,15,RedditClustering,760350,0.5387541704234231,"[0.563524166701275, 0.5983042587867363, 0.47763385168201994, 0.5252001211231055, 0.5351167803588343, 0.5171170054491007, 0.5681629424594387, 0.49740114332927093, 0.5140216198206123, 0.5130855800523941, 0.49407656453136256, 0.5546523344404742, 0.5315699612777289, 0.5370434133461268, 0.6395433768401407, 0.5023673514633719, 0.5644736558077534, 0.6302465988066192, 0.5251810558824535, 0.5039236909357219, 0.4993794133737773, 0.5035852784419689, 0.6410089778496006, 0.5227926088697643, 0.5094425089559268]"
base,0,all-MiniLM-L12-v2,20,RedditClustering,1013600,0.5363371556694229,"[0.5696667745257229, 0.6031770143849615, 0.48809209700964257, 0.5020784502991519, 0.5305230039707837, 0.5169506909452809, 0.5644315896172541, 0.4942252756352155, 0.5171057306256699, 0.4851457716912476, 0.4906856824808676, 0.5744259341116806, 0.5508035732089104, 0.5471321063702682, 0.6191221122741467, 0.4926487139854933, 0.5647302848012966, 0.5875594157553955, 0.5249903100600729, 0.5021863241492146, 0.49613637042610453, 0.5012375407176854, 0.6431428672445304, 0.5362361480553677, 0.5059951093896052]"
base,0,all-MiniLM-L12-v2,1,BiorxivClusteringS2S,9998,0.18643341037287584,"[0.17821682186591178, 0.1657326915946929, 0.17489604779907367, 0.17789784985903823, 0.17305718896633113, 0.2126760025210992, 0.19943984990975644, 0.184247530690231, 0.21311581060307075, 0.1850543099195534]"
base,0,all-MiniLM-L12-v2,2,BiorxivClusteringS2S,19992,0.27519914018091735,"[0.27899689917961895, 0.27150967198427334, 0.2733988671279084, 0.27201258212899243, 0.27270262318120536, 0.2660173169608064, 0.28213233416119105, 0.27894884190924696, 0.2729339508946084, 0.2833383142813219]"
base,0,all-MiniLM-L12-v2,3,BiorxivClusteringS2S,29982,0.29815100843700715,"[0.29979402978610076, 0.295963457140396, 0.2949771137901043, 0.28549673226799804, 0.29890496461101435, 0.30197303969675526, 0.3068612210193812, 0.302384441650504, 0.2901091322399636, 0.3050459521678543]"
base,0,all-MiniLM-L12-v2,6,BiorxivClusteringS2S,59928,0.30452131644700364,"[0.30180279799011717, 0.30156751311493396, 0.2998206051070788, 0.3020191974221536, 0.31149722228639953, 0.3000500409948085, 0.31511380743740147, 0.31017651881588254, 0.2972725966835348, 0.3058928646177261]"
base,0,all-MiniLM-L12-v2,8,BiorxivClusteringS2S,79872,0.31287765218016805,"[0.3110939604716727, 0.31631799418593476, 0.30777536789402665, 0.31698715844053826, 0.3181462673422135, 0.30834914143351166, 0.3226239391075964, 0.30508449821843564, 0.295207214231286, 0.32719098047646483]"
base,0,all-MiniLM-L12-v2,10,BiorxivClusteringS2S,99800,0.30920003289474246,"[0.3152009737471174, 0.3021818051141593, 0.3074116355716445, 0.3074505208423374, 0.31706690713236096, 0.3031523600217552, 0.3094334369888249, 0.3028940481954586, 0.30847350048902256, 0.31873514084474386]"
base,0,all-MiniLM-L12-v2,15,BiorxivClusteringS2S,149550,0.3138170870778903,"[0.30492104353318733, 0.319937185705952, 0.30765065787650786, 0.31358956473169414, 0.3122912052873667, 0.30810729263612324, 0.31870891275523533, 0.3124134164240475, 0.3139801109890846, 0.3265714808397043]"
base,0,all-MiniLM-L12-v2,20,BiorxivClusteringS2S,199200,0.31281391992983676,"[0.3098599768042779, 0.3176009996146703, 0.2941224554990188, 0.3125918951940787, 0.3052354915277668, 0.3134538637914657, 0.3109748956483949, 0.3173249714132767, 0.3204675596306772, 0.32650709017474105]"
base,0,all-MiniLM-L12-v2,1,MedrxivClusteringP2P,4998,0.2732432627430419,"[0.25706981963461145, 0.2536288527179376, 0.24850111620850865, 0.26069966436465264, 0.2575654561864725, 0.29798934668487875, 0.2924852362691161, 0.2913963371843813, 0.2889539491017101, 0.28414284907814963]"
base,0,all-MiniLM-L12-v2,2,MedrxivClusteringP2P,9992,0.30471684866563076,"[0.30297452811913755, 0.28806954951963276, 0.2955097553667021, 0.27681499487801287, 0.296118619882951, 0.3092554554692227, 0.3224384520219308, 0.32011380827260116, 0.31809835847737633, 0.31777496464874005]"
base,0,all-MiniLM-L12-v2,3,MedrxivClusteringP2P,14982,0.3113453308900082,"[0.304390821765695, 0.3046381335953365, 0.2968725850091464, 0.28457646171553863, 0.28773921087685106, 0.32726852765925885, 0.31470242682331023, 0.3420321927017823, 0.3222154778548256, 0.3290174708983375]"
base,0,all-MiniLM-L12-v2,6,MedrxivClusteringP2P,29928,0.32461356948886,"[0.31338990066400774, 0.3114487309187962, 0.3115238127235129, 0.3127741105323278, 0.3034353491526966, 0.3360672136251759, 0.34958734241444633, 0.33198872198807927, 0.35021649064420346, 0.32570402222535294]"
base,0,all-MiniLM-L12-v2,8,MedrxivClusteringP2P,39872,0.32733212802287037,"[0.31617379512844135, 0.3147892989460312, 0.31123745348267784, 0.3074239464027069, 0.31705102174626254, 0.3425901306412892, 0.3395521281532058, 0.3443789869388104, 0.3486559780919589, 0.3314685406973198]"
base,0,all-MiniLM-L12-v2,10,MedrxivClusteringP2P,49800,0.33152627146979474,"[0.3192158066615034, 0.32235921061582196, 0.320803981421496, 0.3277423161711814, 0.3205594040013569, 0.33480982944799503, 0.34421009619728377, 0.3484130187768512, 0.343444442910284, 0.33370460849417366]"
base,0,all-MiniLM-L12-v2,15,MedrxivClusteringP2P,74550,0.33414325437299175,"[0.3245930762822564, 0.32649466812626754, 0.3253939812802461, 0.31446849288572887, 0.3184637367637997, 0.3536148713213498, 0.3491406296497472, 0.3432203109882514, 0.3442115463408392, 0.34183123009143135]"
base,0,all-MiniLM-L12-v2,20,MedrxivClusteringP2P,99200,0.32930655074996495,"[0.3157592083706936, 0.3149044332736006, 0.3139878775636647, 0.31982859831406024, 0.321624834667049, 0.3361656194502344, 0.3476215664187768, 0.3506430236716287, 0.3423931045695746, 0.33013724120036647]"
base,0,all-MiniLM-L12-v2,1,BiorxivClusteringP2P,9998,0.22449793783301536,"[0.19581474138024646, 0.21177468902534025, 0.22081905414716968, 0.21410244904390413, 0.21514163875121275, 0.23618558858858613, 0.23917646088892552, 0.2437792348678306, 0.2313329007996807, 0.23685262083725747]"
base,0,all-MiniLM-L12-v2,2,BiorxivClusteringP2P,19992,0.3062068307801552,"[0.31907345790689756, 0.30474138411243884, 0.3020161177179076, 0.30837361159135857, 0.297273366409031, 0.32144217289571025, 0.29576440921064, 0.29687442650320434, 0.307783437262073, 0.30872592419229095]"
base,0,all-MiniLM-L12-v2,3,BiorxivClusteringP2P,29982,0.3287373102972554,"[0.3201456607954721, 0.3472099134427542, 0.3026088370956146, 0.32005274622115915, 0.32287597604442314, 0.3327767753257942, 0.3260855982467164, 0.34016249199580667, 0.32836757977633874, 0.34708752402847526]"
base,0,all-MiniLM-L12-v2,6,BiorxivClusteringP2P,59928,0.3384651131838817,"[0.34694603439329585, 0.33293361783208697, 0.3402088671928014, 0.3291803069023366, 0.33600516662375934, 0.3377660026203564, 0.3450671015163192, 0.34112787632041053, 0.34749093636168144, 0.3279252220757697]"
base,0,all-MiniLM-L12-v2,8,BiorxivClusteringP2P,79872,0.3435464165184286,"[0.3263990251527254, 0.35207495798393934, 0.3417399348269931, 0.3417575358582818, 0.3433372934657232, 0.3421419434257922, 0.34131360922279613, 0.3595545989470649, 0.34349323556566885, 0.3436520307353012]"
base,0,all-MiniLM-L12-v2,10,BiorxivClusteringP2P,99800,0.34467974239112315,"[0.33284460756517653, 0.3496440368354746, 0.3478280523427864, 0.3411447670759112, 0.3418102942408952, 0.34781648591960124, 0.3449093388958842, 0.3509296232912277, 0.3449358302666114, 0.34493438747766275]"
base,0,all-MiniLM-L12-v2,15,BiorxivClusteringP2P,149550,0.3455791221528186,"[0.33509459047369977, 0.3549099214896684, 0.35226778727662367, 0.3370796839201257, 0.3274317684910153, 0.3471360794164649, 0.33001561483260317, 0.36262899149012984, 0.3457207700648052, 0.3635060140730502]"
base,0,all-MiniLM-L12-v2,20,BiorxivClusteringP2P,199200,0.3447006150989019,"[0.3285181753633765, 0.35227827551009566, 0.34223205230120723, 0.33923247904841747, 0.338829638010964, 0.3499909713020807, 0.3375305454996646, 0.3600905801384095, 0.3479015491503812, 0.35040188466442135]"
base,0,all-MiniLM-L12-v2,1,ArxivClusteringS2S,49998,0.2507103250754147,"[0.151478384032366, 0.1554316304932548, 0.18170282263047455, 0.14160542157235245, 0.18136087163052056, 0.14531249338991437, 0.19165998909658408, 0.1604705751655389, 0.19107150791492647, 0.1706791623552053, 0.33621151338571187, 0.33733131213570344, 0.33598921215906047, 0.33999930631742825, 0.343944664302607, 0.3310138416196848, 0.33912693228652036, 0.3398486787778633, 0.3390776421036486, 0.3383887040472878, 0.2957706065814989, 0.0970109882791314, 0.2082815186920194, 0.2644230000409687, 0.1956530763923249, 0.12775661370388602, 0.1733641898434995, 0.08568179424506686, 0.13520154614022678, 1.0, 0.13717207800257916]"
base,0,all-MiniLM-L12-v2,2,ArxivClusteringS2S,99992,0.3657544777921024,"[0.3789102206670324, 0.3710907773679926, 0.3693580657461252, 0.386869777370066, 0.3798321226573048, 0.396804971643435, 0.3890109553948071, 0.3912556786842021, 0.39296973601910573, 0.3965464956247785, 0.39657969632742895, 0.3902320849150354, 0.38199535685570374, 0.3853289709064256, 0.39143513357332727, 0.3896995371197801, 0.3955155074533775, 0.3869394179626612, 0.3742944665420648, 0.3935125697208647, 0.373697693294952, 0.2016191193602236, 0.28163971780821356, 0.37552115708440253, 0.26477394765017664, 0.1713421856647781, 0.27829111913762333, 0.17308732066983515, 0.26311624415789586, 1.0, 0.21711876417555587]"
base,0,all-MiniLM-L12-v2,3,ArxivClusteringS2S,149982,0.37715875942995725,"[0.38491252217824845, 0.3800486705311542, 0.39785099553240544, 0.3754864676647836, 0.4061027247668848, 0.4056058864153218, 0.39812773658903045, 0.40486129467008486, 0.4025122828231172, 0.40385434088105643, 0.39715378166358184, 0.4035943082714056, 0.40159040899893345, 0.3903166091346598, 0.4020135020612388, 0.39915745541910913, 0.41655387218307965, 0.40662829224542035, 0.3951065558487337, 0.39786891273356023, 0.38275199231866786, 0.2273440697366648, 0.29533313504228226, 0.41059724419500876, 0.27157950467521946, 0.19460832238826037, 0.28533295097061945, 0.1790936361486453, 0.2555809541420443, 1.0, 0.22035311209945277]"
base,0,all-MiniLM-L12-v2,6,ArxivClusteringS2S,299928,0.38215524077592,"[0.3893812070037614, 0.40344588757326794, 0.42342578350394916, 0.4056560737674868, 0.4108315507381708, 0.379267184156169, 0.3950768377446272, 0.40359453484873514, 0.41240200955597994, 0.409115327934071, 0.4192791579452778, 0.4096145106289816, 0.41323058495395115, 0.4213607744186755, 0.4111635154640162, 0.41182142107158687, 0.414967965235727, 0.41752997090483457, 0.41054697966113807, 0.4127870701833633, 0.39609370529022897, 0.22920192984824397, 0.3019175237375895, 0.40236501896182514, 0.2832662418376001, 0.19293977148748656, 0.23482145043437735, 0.18302855218256106, 0.27355767112577495, 1.0, 0.17512225185406186]"
base,0,all-MiniLM-L12-v2,8,ArxivClusteringS2S,399872,0.38404476992301795,"[0.38120789454634474, 0.4032145805640824, 0.4045751926813802, 0.41824806797345215, 0.39972277574546106, 0.3743297454727198, 0.40567400027483463, 0.40395474694085165, 0.41907366763320203, 0.40004167589424755, 0.41414973104676817, 0.40842333409466425, 0.42350397288129504, 0.41966757700139384, 0.41525933907094, 0.4204662679614299, 0.4277724802861336, 0.42078171121422614, 0.41778053830041434, 0.4159035067483506, 0.3926618083767821, 0.2170223103213356, 0.3116520111336633, 0.39089774707388275, 0.2611963358038653, 0.20399189242444418, 0.2666736774329139, 0.18563675222247664, 0.26506860134196064, 1.0, 0.21683592515004158]"
base,0,all-MiniLM-L12-v2,10,ArxivClusteringS2S,499800,0.38368729448354605,"[0.41093766306459034, 0.4010917217486224, 0.4092905646078709, 0.3943395987486688, 0.3940246225575005, 0.40448029729756463, 0.394237563454012, 0.40512124763117896, 0.4045780311493278, 0.40581867463413007, 0.41865000562530247, 0.4172300637842395, 0.4209984871474071, 0.41638870822381635, 0.41437178641648004, 0.418355474159491, 0.413958218949232, 0.42652989349117026, 0.4185438346308425, 0.42085494366366577, 0.391443556370382, 0.20512967343086294, 0.308847016318937, 0.371526279580087, 0.26472226990595576, 0.20004934219786985, 0.2854281672872692, 0.17929530847144057, 0.27118723084103874, 1.0, 0.20687588360097156]"
base,0,all-MiniLM-L12-v2,15,ArxivClusteringS2S,749550,0.3781860700939447,"[0.3960928164452073, 0.3967998721931088, 0.36895358166897685, 0.4072846455569078, 0.3964529264460948, 0.364769345827874, 0.3895668322339207, 0.39848800876172313, 0.40479608548201584, 0.4050594674215971, 0.42034733569315286, 0.41858447355289785, 0.4253907305794234, 0.4264340503299006, 0.41700754110502813, 0.41983819582056864, 0.4227570741388281, 0.41891273055062195, 0.41558207695917404, 0.4172809741555823, 0.39822121830677065, 0.16462150846171825, 0.3065685087295099, 0.3659806975018125, 0.26031242069305655, 0.2012476975990971, 0.27294807574062896, 0.17396767101094826, 0.2549341392781949, 1.0, 0.19456747066794625]"
base,0,all-MiniLM-L12-v2,20,ArxivClusteringS2S,999200,0.3821782767851875,"[0.3979109753706039, 0.4016479003515111, 0.3914979098020314, 0.3987824686274091, 0.39732473158656784, 0.41065868772979636, 0.41404027834156976, 0.3756718743038265, 0.37444962103983725, 0.40434990377994334, 0.4230708286586272, 0.4247360078312884, 0.4259801651496342, 0.41491542438005824, 0.4249829563095271, 0.41699245160205434, 0.4265177778629085, 0.41672897154036537, 0.41957490224567173, 0.42559450974726526, 0.4028725173700117, 0.20953083202011394, 0.30590545529965635, 0.3545346159466129, 0.279011219842065, 0.19667723108821047, 0.27631054629395385, 0.16743150564920686, 0.2592734260589651, 1.0, 0.21055088451151918]"
base,0,all-MiniLM-L12-v2,1,StackExchangeClustering,39366,0.32138716901786296,"[0.31277698782632785, 0.343832653510684, 0.2532689508488217, 0.36093721668672846, 0.2517471143162681, 0.2688673062668643, 0.32694391400889605, 0.44331520302501876, 0.3222879704479514, 0.3209336358132827, 0.3056512498906217, 0.38284732645270997, 0.43144803762291317, 0.32869305813790417, 0.32240477544000895, 0.2891858450285549, 0.32980650303916303, 0.29766348507686324, 0.32367405941913946, 0.31967011404795176, 0.3200241141715114, 0.24555667131015727, 0.27112834334238556, 0.31514470734529343, 0.3468699823705519]"
base,0,all-MiniLM-L12-v2,2,StackExchangeClustering,78728,0.5584322167940545,"[0.5589401812719484, 0.5663067129837823, 0.47978011038060014, 0.6114494889060331, 0.5905916456140334, 0.5195770047744328, 0.49775108471175544, 0.6824767671121618, 0.5516612288991204, 0.541674741111867, 0.6381731520144589, 0.7181428700665682, 0.6853159473421573, 0.6202901874213359, 0.5121099965361889, 0.5183900586237014, 0.5211316583057208, 0.5091764173249078, 0.5052118521941628, 0.5195631466714424, 0.5435187179629958, 0.4882544830480668, 0.481612683210149, 0.5574879411443263, 0.5422173422194457]"
base,0,all-MiniLM-L12-v2,3,StackExchangeClustering,118086,0.5803882671510848,"[0.5860003824373912, 0.5935061022006979, 0.4805823394579474, 0.6317300085575746, 0.5653872821223924, 0.5622521569007335, 0.5275502572467704, 0.6991869040890326, 0.5794135983845125, 0.5505788816555516, 0.6675390388360875, 0.7355385443652344, 0.7014041261684612, 0.6441794905259416, 0.5239709074480391, 0.5478839306252783, 0.5446361537686663, 0.5375323712113155, 0.5319815889421637, 0.5243255935590704, 0.5637211677668195, 0.5329431845981671, 0.5291513304980415, 0.5816497723299648, 0.5670615650812666]"
base,0,all-MiniLM-L12-v2,6,StackExchangeClustering,236136,0.5922929186823276,"[0.5782313299270111, 0.588817643630838, 0.48870797954089856, 0.6469523373181215, 0.5881178001768733, 0.5544701145710674, 0.5420979383545032, 0.7241862528957949, 0.6052052014543574, 0.5670933205694454, 0.6876948110843679, 0.753719632375321, 0.7130167157068723, 0.6337771025316249, 0.5427507966972147, 0.5574250987721042, 0.5584590792452665, 0.5621827137841212, 0.5557567500365629, 0.5480059102805702, 0.576904126323905, 0.5368381650516478, 0.5229573094898051, 0.601126515199356, 0.5728283220405403]"
base,0,all-MiniLM-L12-v2,8,StackExchangeClustering,314816,0.5925016628221805,"[0.6116668848056827, 0.6044557041232065, 0.4828684822829123, 0.6569045761769241, 0.583440629798886, 0.5675952912480106, 0.5598709266323852, 0.7040025231629672, 0.5937959245676762, 0.5785336679459252, 0.6913035196316147, 0.7332803421009177, 0.7005597102070186, 0.6423664536263168, 0.5429680041351629, 0.5440039143219969, 0.5616110028206817, 0.5531724509962652, 0.5474642532460848, 0.5447965598143183, 0.5861491073995846, 0.5375728758012186, 0.5249477713642796, 0.583504828131471, 0.5757061662130055]"
base,0,all-MiniLM-L12-v2,10,StackExchangeClustering,393480,0.5968694161035374,"[0.6173287208372474, 0.5987504867486542, 0.4980162959851264, 0.6333107780258084, 0.6156452836956448, 0.5644095987373126, 0.5337736957995, 0.7010654397641005, 0.5852690959111451, 0.5628449516582383, 0.7294456030169898, 0.752352820512917, 0.7465282575993791, 0.6449292295812555, 0.5428682127269397, 0.5591002425928818, 0.561306962223475, 0.5661868097674139, 0.5682313212903775, 0.5478253800723065, 0.5737545863433586, 0.548734514471465, 0.5033399824318662, 0.5780488945189242, 0.5886682382761091]"
base,0,all-MiniLM-L12-v2,15,StackExchangeClustering,590070,0.5875449352274451,"[0.605939357582384, 0.5969934161114339, 0.48248638605985616, 0.601310263222697, 0.6193240691377053, 0.5628580409910124, 0.5525344690682341, 0.7054747584185196, 0.5964287452637972, 0.5579918999794021, 0.6731224188157998, 0.7028606289075312, 0.7332103305225758, 0.6423653987995013, 0.5412946911845525, 0.5547185925484273, 0.5684313065010149, 0.5373084137522519, 0.5549253601558357, 0.5324444991042695, 0.5639063743664742, 0.5380718360104393, 0.502261819304935, 0.5898765340148524, 0.5724837708626261]"
base,0,all-MiniLM-L12-v2,20,StackExchangeClustering,786560,0.5842342342445669,"[0.6081077932036356, 0.591064534923658, 0.4673835357571618, 0.6185416161814143, 0.5975214281191399, 0.5572561466699677, 0.5446532468108323, 0.6897857718220478, 0.5885811770223774, 0.5627042998617102, 0.7136591323093333, 0.7505201804967976, 0.6791066121556228, 0.6053986594172741, 0.54869832634072, 0.5580599917939645, 0.5553824796496056, 0.5498700615048089, 0.546681872302677, 0.5402385631057902, 0.5777562311433788, 0.5314799358114255, 0.4869105412748172, 0.5630160763047966, 0.5734776421312149]"
base,0,all-MiniLM-L12-v2,1,MedrxivClusteringS2S,4998,0.2540739459041051,"[0.2370784672169822, 0.2300600154962254, 0.2317285525094539, 0.22721607867668134, 0.22568461517090607, 0.27778366434390445, 0.285876733172084, 0.2687150253728863, 0.2804209832528843, 0.2761753238290429]"
base,0,all-MiniLM-L12-v2,2,MedrxivClusteringS2S,9992,0.27679964779576255,"[0.28809332510609786, 0.25598299118266177, 0.2618473084874215, 0.26870927966127006, 0.25452370040674427, 0.2899113330479335, 0.28475484016578473, 0.29054672846690094, 0.28646281822687913, 0.2871641532059323]"
base,0,all-MiniLM-L12-v2,3,MedrxivClusteringS2S,14982,0.2879975589233251,"[0.27377538940065965, 0.26663084902743633, 0.27022912176214314, 0.2692876011654088, 0.26052737945474447, 0.31091733997038173, 0.30711684622440105, 0.31185419621061883, 0.3029053882495975, 0.3067314777678606]"
base,0,all-MiniLM-L12-v2,6,MedrxivClusteringS2S,29928,0.2976457877471294,"[0.2895435806063714, 0.2824635495922067, 0.2756217774362468, 0.28276073205252944, 0.27865499105400005, 0.32324539722236445, 0.31034243900557745, 0.3092863121335727, 0.31659927793768294, 0.30793982043074275]"
base,0,all-MiniLM-L12-v2,8,MedrxivClusteringS2S,39872,0.3054107268134568,"[0.2925439343410223, 0.2930055115881529, 0.28571464676108826, 0.288232675894326, 0.290963524606793, 0.3237126864585936, 0.32021619842970817, 0.32962829375505415, 0.31249178502191827, 0.3175980112779111]"
base,0,all-MiniLM-L12-v2,10,MedrxivClusteringS2S,49800,0.3066081945941644,"[0.30128700732818825, 0.280057989276274, 0.2871576368330232, 0.2899688895457991, 0.2902462040663006, 0.3221840268448618, 0.30879283629240606, 0.3351006045477907, 0.3269184503784425, 0.32436830082855705]"
base,0,all-MiniLM-L12-v2,15,MedrxivClusteringS2S,74550,0.3115880589169889,"[0.30480967741791914, 0.2880865889283572, 0.2943379861569257, 0.29599255666373503, 0.3092136064877977, 0.3248504076471408, 0.3317637926635893, 0.33680955362843834, 0.3130870627822726, 0.31692935679371337]"
base,0,all-MiniLM-L12-v2,20,MedrxivClusteringS2S,99200,0.31449086376539354,"[0.30491631747050757, 0.2942117954353071, 0.2992887676308021, 0.3023197792532861, 0.30351243515790816, 0.3224572622093347, 0.3299304638759091, 0.3343114235791984, 0.3299970009448542, 0.3239633920968283]"
base,0,all-MiniLM-L12-v2,1,StackExchangeClusteringP2P,9998,0.33908307604433113,"[0.32367511275809246, 0.3161284990228205, 0.3216352315796501, 0.3126052521241901, 0.31837416376961875, 0.3686581821571274, 0.35742876438411175, 0.3553293934704505, 0.3632750138380311, 0.3537211473392183]"
base,0,all-MiniLM-L12-v2,2,StackExchangeClusteringP2P,19992,0.337366920704337,"[0.3221202289361097, 0.32026959763317064, 0.31858754592088023, 0.30916546592907035, 0.31869669183314886, 0.3692420582723085, 0.35011680806009415, 0.35429218877606766, 0.36165668360718034, 0.3495219380753399]"
base,0,all-MiniLM-L12-v2,3,StackExchangeClusteringP2P,29982,0.34276591829109265,"[0.3298717055625781, 0.3238759269600006, 0.3231416685757542, 0.3151699373277345, 0.32298981443632474, 0.3734474920802173, 0.35227594411884183, 0.35733993890849103, 0.36917608755511594, 0.36037066738586865]"
base,0,all-MiniLM-L12-v2,6,StackExchangeClusteringP2P,59928,0.3474317607648924,"[0.33422573296236724, 0.3308121636895849, 0.33011826900494107, 0.31789953701975626, 0.32866995385021625, 0.3773653022193449, 0.35444839783513304, 0.3668290660449912, 0.3691370568354135, 0.3648121281871755]"
base,0,all-MiniLM-L12-v2,8,StackExchangeClusteringP2P,79872,0.34880231430167175,"[0.33194570253138195, 0.3321284905965883, 0.3318699604312569, 0.3245402231986169, 0.33546689778717975, 0.3778098808557734, 0.3567685654643936, 0.36248931271424645, 0.3705975022687095, 0.3644066071685712]"
base,0,all-MiniLM-L12-v2,10,StackExchangeClusteringP2P,99800,0.3499926286321178,"[0.3353804535212911, 0.3369865213090378, 0.33330970216034667, 0.32662668400218386, 0.32839287971420206, 0.37645938740179574, 0.36282737205745347, 0.3618625770557004, 0.3721268443099268, 0.36595386478924063]"
base,0,all-MiniLM-L12-v2,15,StackExchangeClusteringP2P,149550,0.3522698407868995,"[0.3403650950712071, 0.33863179573252833, 0.33401937851178265, 0.3266553492059669, 0.33358785159885995, 0.38018848492276713, 0.3573968500269279, 0.36894802448075725, 0.3715119192914564, 0.3713936590267411]"
base,0,all-MiniLM-L12-v2,20,StackExchangeClusteringP2P,199200,0.35391137769422737,"[0.34549718954528075, 0.3364918195346018, 0.33658169126424664, 0.32882810953376873, 0.332288064301973, 0.37915732148710535, 0.3669035828576669, 0.3670291860906666, 0.37656213986435555, 0.3697746724626085]"
mst,0,gte-large,1,TwentyNewsgroupsClustering,43620,0.05503675908841591,"[0.1496028854512138, 0.08711187073384649, 0.06437495322389353, 0.05415439568743987, 0.040465939449424435, 0.03612115282568566, 0.03374392862014864, 0.02870647860543508, 0.02671996537012122, 0.02936602091695036]"
mst,0,gte-large,2,TwentyNewsgroupsClustering,65428,0.1930696930813877,"[0.33847177672288686, 0.3169450599550843, 0.19233929436583308, 0.1951917130903824, 0.16797279486536612, 0.17604969713366023, 0.15231379554383317, 0.11794174423803495, 0.1349206407131676, 0.13855041418562827]"
mst,0,gte-large,3,TwentyNewsgroupsClustering,87234,0.3394516791032829,"[0.4472204804156816, 0.42922765016567993, 0.3887824199210211, 0.38341756138699234, 0.35142366078264975, 0.32788779521176764, 0.3248636770347036, 0.2813146016619866, 0.26335213268462715, 0.19702681176771933]"
mst,0,gte-large,6,TwentyNewsgroupsClustering,152598,0.4676899412514467,"[0.5040554459555777, 0.489868729478205, 0.5085619770276133, 0.4936893675244522, 0.5241664913481793, 0.34095975334505224, 0.42576862937744725, 0.4515288809867341, 0.47512703783543725, 0.46317309963576825]"
mst,0,gte-large,8,TwentyNewsgroupsClustering,196208,0.48787185457619564,"[0.5010977268257029, 0.4981952627890592, 0.48973539198535754, 0.5185827474457513, 0.47305962980808236, 0.49271898666983055, 0.47163362867588576, 0.47039966848511666, 0.4851026095243412, 0.4781928935528289]"
mst,0,gte-large,10,TwentyNewsgroupsClustering,239732,0.4869673413797509,"[0.5057044688919693, 0.5297963928188899, 0.513225702693142, 0.5082807346728337, 0.49413339754113217, 0.5151103165189078, 0.4285173787362559, 0.45575925941969603, 0.42154397628786294, 0.49760178621681883]"
mst,0,gte-large,15,TwentyNewsgroupsClustering,348552,0.511476217219207,"[0.49953171410954633, 0.530892010317522, 0.5171862040444922, 0.5278225987863203, 0.5271582198672573, 0.5236109784483933, 0.5042667966576414, 0.5207057774964405, 0.47922879926593526, 0.4843590731985213]"
mst,0,gte-large,20,TwentyNewsgroupsClustering,457260,0.5078256446025202,"[0.502682509270739, 0.5181706389260015, 0.5212480416620026, 0.509627596151502, 0.5202638913394867, 0.537810363180201, 0.49179851823670434, 0.49230151135965267, 0.5124101585435629, 0.4719432173553493]"
mst,0,gte-large,1,ArxivClusteringP2P,99990,0.08157577001947873,"[0.0033448074348803665, 0.004139996848156448, 0.0035415231434195917, 0.003831381094686781, 0.003253546640220626, 0.005222362470015435, 0.0026395705827629685, 0.0035143599262477017, 0.0029216036073877447, 0.004512365480882593, 0.12602803749832506, 0.12840759364630705, 0.12491828768502146, 0.12642902537574446, 0.12580367843363371, 0.12662984028258406, 0.12851232567428406, 0.12632371583516835, 0.12543376395576833, 0.12736538347487855, 0.07827087613312467, 0.006244009834981854, 0.050691748923046016, 0.007382218736275906, 0.019241175806434068, 0.027249691609944008, 0.012961060647863096, 0.005728980725731956, 0.00892085538106158, 1.0, 0.009385083715002074]"
mst,0,gte-large,2,ArxivClusteringP2P,149984,0.330737996379091,"[0.3275132824153311, 0.32439949998513873, 0.3381138281597818, 0.34049148336116974, 0.31351253799854795, 0.3231445245505969, 0.3299335302528459, 0.3318620981284651, 0.33785652521983556, 0.306026391743514, 0.39287242182086435, 0.38883810588049084, 0.399685774245692, 0.4012239915594832, 0.4004225156227997, 0.3957883926873394, 0.39671919581214626, 0.40820481624078286, 0.38904269005266934, 0.3926166510046552, 0.34976055438496007, 0.10916489442498269, 0.29841044260127925, 0.2514007319088059, 0.21585004894980833, 0.15104532058226244, 0.14141909964169752, 0.13456678173262432, 0.20293574678033427, 1.0, 0.16005601000291697]"
mst,0,gte-large,3,ArxivClusteringP2P,199964,0.4344617012184608,"[0.44681111293136855, 0.452106727997831, 0.4659640689098704, 0.4583717798208064, 0.45129237180199916, 0.46865217331899217, 0.45152376126061755, 0.44477153741392167, 0.45452195089465, 0.44246205194804095, 0.49726732976917387, 0.4926248764274632, 0.4907347670358794, 0.48899713430048636, 0.5004386656390387, 0.49125109415274915, 0.49355950400665116, 0.4905711530483471, 0.4947374778323331, 0.4909075960823137, 0.4521831385764934, 0.2212543634639544, 0.40512692332347205, 0.39351055442683586, 0.3071875114385635, 0.21645749398117364, 0.2613847649523982, 0.22639229729624252, 0.28156524973201524, 1.0, 0.23568330598860224]"
mst,0,gte-large,6,ArxivClusteringP2P,349904,0.4640910197352556,"[0.4800180001278359, 0.4936164362918742, 0.4656180892439727, 0.4479141931778503, 0.4742304360906407, 0.5034350034412906, 0.49250432746069667, 0.4864847997088552, 0.4767950713970529, 0.48819686708041116, 0.5247441545899058, 0.5202694927755864, 0.5280964135341946, 0.5193986043269592, 0.5270537493912406, 0.5276374157634901, 0.5243253847260373, 0.5218719983321691, 0.5217088024302606, 0.5320864001049019, 0.4826864380141256, 0.2741751893998824, 0.4312800617763045, 0.4089290969402548, 0.338991832679104, 0.24070391049154732, 0.324637548629869, 0.24275874921010865, 0.3202659658694234, 1.0, 0.2663871787870788]"
mst,0,gte-large,8,ArxivClusteringP2P,449824,0.46669464514325715,"[0.4879286420634235, 0.48868233054608856, 0.4738335257090309, 0.47269433626210666, 0.4807005328151231, 0.49453187378531566, 0.4587417840239514, 0.5052287240406323, 0.48775976970619117, 0.5019327240193012, 0.5306588964874002, 0.5350401225910204, 0.5298687388207908, 0.5308126876921058, 0.5244357282182115, 0.5404500641102717, 0.5321370116825116, 0.5284283496597947, 0.5231906645379227, 0.5414125957600712, 0.4752420048980646, 0.2535078854331285, 0.4469390357634254, 0.3903811413004309, 0.3382020126217823, 0.24592515517222724, 0.31898204347052056, 0.2619071098848565, 0.2978382318036589, 1.0, 0.2701402765616143]"
mst,0,gte-large,10,ArxivClusteringP2P,549748,0.4704661876848725,"[0.49107059251238705, 0.4961329466517936, 0.4902161959461344, 0.4926309134012285, 0.4953401989025112, 0.510309700233398, 0.4835902618786992, 0.4928756597542495, 0.49475913030203406, 0.4937946842073653, 0.5369348380949663, 0.5291753302330126, 0.5378115871714749, 0.5398090619198616, 0.5264281112491835, 0.5266581994256198, 0.534656042537518, 0.5323553163896344, 0.5321941842753019, 0.5350040903982441, 0.47780113517515777, 0.28501464799802034, 0.4428628586112679, 0.41473104043116077, 0.33252050573207204, 0.25938180338091044, 0.27214141604373504, 0.23728718980169297, 0.3172626944489887, 1.0, 0.2737014811234254]"
mst,0,gte-large,15,ArxivClusteringP2P,799494,0.4706585550472627,"[0.491599890272997, 0.47599437058144894, 0.48898080193093746, 0.4965761457656338, 0.5025819745324288, 0.5073323940083969, 0.4908640929125224, 0.475981492575534, 0.4966403945756306, 0.4925045528109291, 0.5359824524703888, 0.5428995740898453, 0.5323670357582768, 0.5363052665973645, 0.5394322209262495, 0.5349009613476124, 0.5392884019521574, 0.5402680016399812, 0.5377593760766121, 0.5360704590969589, 0.4956106451269104, 0.27786251523770805, 0.44877913088771876, 0.40632403990072213, 0.333674149188229, 0.23786337064641028, 0.27197826240250783, 0.24191292635654096, 0.31159496670446496, 1.0, 0.270485340092027]"
mst,0,gte-large,20,ArxivClusteringP2P,1049116,0.47245578647810177,"[0.5008671095724353, 0.4922046901120201, 0.494568585886187, 0.4894663290939605, 0.4946179935110639, 0.4919937593808417, 0.4895332796180459, 0.4913462148662668, 0.49138154915300897, 0.5045712995991464, 0.541390841775119, 0.5344522325635159, 0.542428768058709, 0.5315959204557534, 0.5381131835915739, 0.539559111213724, 0.5404362775349417, 0.5420141579289092, 0.5349948628147092, 0.5375465230553794, 0.5075144081058488, 0.2569176715987533, 0.45234079541211286, 0.3979679764757929, 0.3426044122338843, 0.2709923771345906, 0.24986041969836517, 0.25368567679113513, 0.32212757643687967, 1.0, 0.26903537714847797]"
mst,0,gte-large,1,RedditClustering,101424,0.022579191681283178,"[0.01367812336344892, 0.022885167230645282, 0.028915358209365753, 0.01803552146643639, 0.01851247927055195, 0.02072924562438514, 0.023462560719974605, 0.029669809113134566, 0.027052050851992304, 0.02692983816018738, 0.028913654159284333, 0.01647364367833073, 0.020126978387574768, 0.024785145874853323, 0.01271023866078589, 0.031598034423463435, 0.020070724130449667, 0.011817417260605948, 0.024648294295620612, 0.026528727651319955, 0.031206994001848263, 0.027701294978202447, 0.015736204233267898, 0.01961056269777561, 0.022681723588574284]"
mst,0,gte-large,2,RedditClustering,152132,0.4083655113340447,"[0.4300369321745099, 0.46503855124545734, 0.37326301691940567, 0.37593206413991065, 0.38016556248387806, 0.41211399120412245, 0.43856720273512667, 0.3601608752088291, 0.3740984650287886, 0.384813207242763, 0.3870650355475524, 0.40246750207956544, 0.3755218044192558, 0.428401008190784, 0.4364209464303538, 0.3963944196447469, 0.4190233022922259, 0.48609956444582053, 0.3850050579039245, 0.41185197543656277, 0.3867860031215978, 0.38925846957725885, 0.4745126452933681, 0.4236647690428241, 0.412475411542484]"
mst,0,gte-large,3,RedditClustering,202838,0.5640792559523673,"[0.6042253855132731, 0.6027225876539782, 0.5214596735208401, 0.5886988052354674, 0.54865808588266, 0.5467369061298675, 0.5659757124806553, 0.5079256875623643, 0.5370724462230478, 0.5362361337572459, 0.5258899115922444, 0.6062391820026239, 0.5562720269111862, 0.5365913200601499, 0.6346194297290476, 0.5262624990630498, 0.6079142926276435, 0.6413771767841554, 0.5380986147503146, 0.5441877080559043, 0.5274479120979302, 0.535233892018024, 0.6537301255854059, 0.5851512766771053, 0.523254606894996]"
mst,0,gte-large,6,RedditClustering,354908,0.6197204868197472,"[0.6578295894005847, 0.6837779686448597, 0.5707069906606316, 0.6436373561795524, 0.5962989382167996, 0.5804231899309146, 0.6501847760131696, 0.5691612178656997, 0.5855456184377699, 0.5757848689470434, 0.5477391335034169, 0.6963716831718552, 0.6145620609782705, 0.6065141743810093, 0.716718646795015, 0.566284711787303, 0.654033402527353, 0.7156164979611207, 0.5799414409266026, 0.5826813545885093, 0.5736365359665414, 0.5798150150402765, 0.7139347765933944, 0.6396058412237562, 0.5922063807522308]"
mst,0,gte-large,8,RedditClustering,456294,0.6256251571382205,"[0.6642076153923535, 0.6874195327407402, 0.5764713237603494, 0.6507562033585647, 0.6054511962716053, 0.6047906388018851, 0.6655799013934949, 0.5787896040940581, 0.5901861313109532, 0.5865177505831124, 0.5809097607759591, 0.6886484652731861, 0.5948142795495005, 0.5940990046775003, 0.7289756634134706, 0.5764565207002526, 0.6596033035414353, 0.6979349179288266, 0.5967091260088495, 0.5957312885404382, 0.5767107839012934, 0.5964251476868447, 0.7264863935481883, 0.6306191807043117, 0.5863351944983397]"
mst,0,gte-large,10,RedditClustering,557648,0.6220731102623762,"[0.6622756089414591, 0.6889488245723844, 0.5844342993182146, 0.6460162441060113, 0.6083603745571776, 0.5969263612914384, 0.6291349125152063, 0.5824684593133345, 0.586770252479443, 0.5886987859462639, 0.5829886169316013, 0.636002280929862, 0.6295474355796397, 0.6270358989633832, 0.7088934212145419, 0.5829914680458742, 0.6623504206728594, 0.6994489011479745, 0.5952053613400317, 0.5895167633198825, 0.572192517296322, 0.5993613637672787, 0.6985653416496027, 0.606931086464028, 0.5867627561955907]"
mst,0,gte-large,15,RedditClustering,810954,0.6295852151548714,"[0.693342464826309, 0.689638954484761, 0.5821811188036263, 0.6485546595574646, 0.5966234708136401, 0.6038898881244975, 0.6401562026461982, 0.586543860233243, 0.5983806867662348, 0.6028085879548812, 0.5772012980666001, 0.6733786524148665, 0.6128961868181739, 0.6241569025509778, 0.735108877848838, 0.5850576787445823, 0.6611251933087271, 0.6905965792868123, 0.5802079006524214, 0.5899493393054971, 0.5850286517210176, 0.6000769041191338, 0.7418157237671422, 0.6366388027504403, 0.6042717933056985]"
mst,0,gte-large,20,RedditClustering,1064166,0.6265573980936948,"[0.6496333536644346, 0.6745783404646788, 0.5860508380732848, 0.6440657690011466, 0.6118113223437593, 0.6045961886898613, 0.6472885100907947, 0.5858823693423855, 0.600425910333804, 0.5913186039864642, 0.5871612825211859, 0.6528016537119938, 0.6101238899290113, 0.6268545876185266, 0.7257165246819531, 0.5846952363428431, 0.6489374749113566, 0.6890121006533505, 0.5827438248392965, 0.5935708115648964, 0.5837332176191761, 0.6003566052082342, 0.7347890458894568, 0.6500509501451661, 0.5977365407153102]"
mst,0,gte-large,1,BiorxivClusteringS2S,19990,0.027969329929442083,"[0.01823051409662291, 0.019280242736686746, 0.02001897039135922, 0.018395770943199836, 0.016988057538701473, 0.03608440370957907, 0.037708158083640315, 0.035504435597072476, 0.04163637921847344, 0.03584636697908535]"
mst,0,gte-large,2,BiorxivClusteringS2S,29984,0.174272746781945,"[0.16254434509099966, 0.1692777523356436, 0.17937383442682617, 0.166523982578489, 0.15953672436146282, 0.18413303532521666, 0.1862270639400706, 0.17535767934828222, 0.17996190467501702, 0.1797911457374423]"
mst,0,gte-large,3,BiorxivClusteringS2S,39966,0.2857857586869682,"[0.27273157260407743, 0.29284103919432275, 0.28153708795014276, 0.29378225802706504, 0.2768347503227077, 0.28477138816544717, 0.28952491806650166, 0.2968802282318302, 0.27661023320430916, 0.29234411110327835]"
mst,0,gte-large,6,BiorxivClusteringS2S,69910,0.3323775677981959,"[0.32249322200539643, 0.3297556744368125, 0.33952037392710926, 0.3208249366757312, 0.3346082013773435, 0.34385097620993993, 0.3425833254388752, 0.3444020779937844, 0.318579556611209, 0.3271573333057572]"
mst,0,gte-large,8,BiorxivClusteringS2S,89848,0.33426692669104086,"[0.32745080927757425, 0.33249575773212314, 0.31998256252124974, 0.3202907339965741, 0.33765195648654633, 0.34016945107864827, 0.3336355267193595, 0.35578703309141063, 0.3299527422198769, 0.3452526937870449]"
mst,0,gte-large,10,BiorxivClusteringS2S,109762,0.3397137141827581,"[0.33185177116433273, 0.35131984297867414, 0.34033327141504316, 0.3235707187032163, 0.33346598193156496, 0.34803197220023857, 0.338910615532634, 0.3463070316643948, 0.32789540218701213, 0.3554505340504703]"
mst,0,gte-large,15,BiorxivClusteringS2S,159490,0.3466040723593095,"[0.33567299355375707, 0.34574648516662454, 0.32957785993432853, 0.34852254008742656, 0.3415340483250395, 0.35175819535814234, 0.34776137418186587, 0.3654895730982167, 0.3510829019710178, 0.34889475191667646]"
mst,0,gte-large,20,BiorxivClusteringS2S,209104,0.3444334924388781,"[0.3215121988282742, 0.3289834899188702, 0.34224563741278224, 0.34798824507633297, 0.351316340795957, 0.3491485111513606, 0.3376899884397304, 0.36835788374790623, 0.34342485737419903, 0.3536677716433687]"
mst,0,gte-large,1,MedrxivClusteringP2P,9992,0.12401100602132105,"[0.09592052980640947, 0.09913217379167329, 0.10200984877012109, 0.09784853321003933, 0.09726907935228504, 0.1527363778491846, 0.1473415380041729, 0.15596193944390868, 0.14694263634449753, 0.14494740364091865]"
mst,0,gte-large,2,MedrxivClusteringP2P,14984,0.21194219889295068,"[0.19110533172163915, 0.18844543607325695, 0.1914099332551748, 0.19170181419970556, 0.1813189775504313, 0.2328876652478422, 0.24955389941822917, 0.24415095931932343, 0.2329084851131789, 0.21593948703072552]"
mst,0,gte-large,3,MedrxivClusteringP2P,19968,0.2827553802252658,"[0.26497105445330416, 0.2734592013587086, 0.27321896747209895, 0.2761985869263917, 0.26619932839430055, 0.2837922141643395, 0.28486121430376155, 0.3107546760860906, 0.3032039143127468, 0.2908946447809153]"
mst,0,gte-large,6,MedrxivClusteringP2P,34896,0.31079209565781263,"[0.30641265828925063, 0.29419812824815605, 0.30172999925742167, 0.30475232576928846, 0.2875388762503946, 0.3207890789271798, 0.31374208715775986, 0.3312657736248106, 0.3341518559774796, 0.31334017307638473]"
mst,0,gte-large,8,MedrxivClusteringP2P,44830,0.31671920153627986,"[0.30663747283897913, 0.29992436691806884, 0.30592408010518335, 0.2900638592178158, 0.30585067501597546, 0.3299564628203233, 0.32763308224237725, 0.3318458119529077, 0.34600364958345525, 0.32335255466771234]"
mst,0,gte-large,10,MedrxivClusteringP2P,54754,0.3156270391920678,"[0.291586741549279, 0.3002767581722387, 0.3027712899959213, 0.3075740765858144, 0.29002311220334054, 0.3213483432689908, 0.3391691055490875, 0.33474463969485524, 0.3357952054076433, 0.3329811194935071]"
mst,0,gte-large,15,MedrxivClusteringP2P,79486,0.32030495383509516,"[0.30356351798372366, 0.31125458411964857, 0.31154405944182134, 0.296529728697609, 0.3217122302562374, 0.33236484330023347, 0.33144202198745604, 0.3395920797798214, 0.3299895824404365, 0.3250568903439644]"
mst,0,gte-large,20,MedrxivClusteringP2P,104108,0.32542870186883255,"[0.31818968881053616, 0.31237640365153385, 0.3066083537006623, 0.31890776121885156, 0.313337286771642, 0.34363440927495653, 0.3318968765576749, 0.33971588159531113, 0.33560261215079323, 0.3340177449563633]"
mst,0,gte-large,1,BiorxivClusteringP2P,19992,0.029099845414862935,"[0.02050156857244836, 0.02129563008505065, 0.020391921382869646, 0.018166935618929826, 0.0203274179529056, 0.03856658730345235, 0.036144357900325476, 0.0325498458612993, 0.04236815275262818, 0.040686036718719946]"
mst,0,gte-large,2,BiorxivClusteringP2P,29988,0.18116517367055537,"[0.17351346485109467, 0.17892231523152713, 0.18662157468787832, 0.17312186404083887, 0.16705694685531633, 0.19493584802585498, 0.1775615795257497, 0.18102840414953122, 0.18556762756257522, 0.19332211177518724]"
mst,0,gte-large,3,BiorxivClusteringP2P,39970,0.3030185754347615,"[0.2977418483458676, 0.30377883362288516, 0.2878695075513867, 0.2952721537313768, 0.3026866596673621, 0.29159076512874693, 0.30898874941770954, 0.31546435109899934, 0.30714116940248726, 0.3196517163807936]"
mst,0,gte-large,6,BiorxivClusteringP2P,69908,0.35012124309207077,"[0.3470445801250728, 0.33635406999042317, 0.33975005242001943, 0.3420221392906313, 0.3529790100892187, 0.36849973409734843, 0.3525871190770534, 0.36065260534793037, 0.3511060076719292, 0.35021711281108137]"
mst,0,gte-large,8,BiorxivClusteringP2P,89838,0.35325558108305366,"[0.335861507985103, 0.3503185440614627, 0.3495218101103155, 0.34750011192993724, 0.36235104012731406, 0.3455862028200124, 0.36197899790826016, 0.3632623066960778, 0.35698754569120156, 0.35918774350085203]"
mst,0,gte-large,10,BiorxivClusteringP2P,109762,0.3551521465553998,"[0.3430192167304218, 0.3584893994896781, 0.35351061560111086, 0.3361844118766499, 0.34928969551099576, 0.37265559741507603, 0.3506025678294571, 0.37088529645606283, 0.35732573002454904, 0.35955893461999633]"
mst,0,gte-large,15,BiorxivClusteringP2P,159490,0.36329703971613203,"[0.3505090266012793, 0.3718628324983401, 0.35818336434642517, 0.3606324135235335, 0.3626368561160933, 0.369766135821159, 0.3582880809509569, 0.3710639542646399, 0.36068623627766994, 0.36934149676122313]"
mst,0,gte-large,20,BiorxivClusteringP2P,209138,0.3676343268194286,"[0.3650942464061356, 0.3848198516037025, 0.3526866731044572, 0.369086726944845, 0.35798448504289493, 0.36787983119049295, 0.3619415656972001, 0.3847323735061408, 0.3608689087051751, 0.3712486059932418]"
mst,0,gte-large,1,ArxivClusteringS2S,99994,0.07802805693395312,"[0.0031113733208056903, 0.003319500884289189, 0.0032299194955624074, 0.0030819978115611472, 0.0034911556497287523, 0.0030556960884414704, 0.003258811119120757, 0.0026829168321369796, 0.004658905515485924, 0.0030813302184138436, 0.11672849040664138, 0.11807930950506568, 0.11863697463103128, 0.11628862995172684, 0.11800679249385737, 0.11859923439873367, 0.11800404602516393, 0.11823206556255286, 0.11605632963442485, 0.11715957697128955, 0.07062045458270863, 0.007559932147337003, 0.04552233554230005, 0.0068949945421797115, 0.020799206111159107, 0.021779726121378375, 0.012545176366684316, 0.006627499057515429, 0.00786229921769474, 1.0, 0.00989508474755597]"
mst,0,gte-large,2,ArxivClusteringS2S,149984,0.28764057567906937,"[0.2872717960358928, 0.30103663787401025, 0.29776870106536585, 0.30639604724937236, 0.30809407539719574, 0.3091740443943121, 0.3054974099160659, 0.3067088534216557, 0.3019541932546585, 0.314304389719427, 0.324451074360022, 0.32700376264583286, 0.31475810889234496, 0.31729775381581976, 0.33462088364809117, 0.3161855237970465, 0.324721207374186, 0.321311478283697, 0.3211014939547864, 0.3197823924093207, 0.2884762050183795, 0.07970879026535632, 0.18767304334830082, 0.23986583727089955, 0.1988532078989526, 0.12040943696916068, 0.14191247214211555, 0.10820191874636124, 0.1683262420792073, 1.0, 0.12399086480331474]"
mst,0,gte-large,3,ArxivClusteringS2S,199956,0.3873597135621853,"[0.406001031661769, 0.40559492571188666, 0.4043600369250648, 0.40548366817434844, 0.42286752826094226, 0.4033173710394725, 0.41485193314077384, 0.42112357394171823, 0.41891387591675683, 0.4221109148586011, 0.4288448492447922, 0.42543874028055956, 0.43289755760110965, 0.42711210361461, 0.4204405394419672, 0.4298583552976081, 0.4362251398869206, 0.42668753131804704, 0.42782785028985554, 0.42395926109028664, 0.39520026405445574, 0.19377442981417797, 0.29926285457364604, 0.37094757014281055, 0.2932617708388513, 0.17489667413885504, 0.23420987845008623, 0.18236447114316418, 0.24876505504050592, 1.0, 0.2115513645341008]"
mst,0,gte-large,6,ArxivClusteringS2S,349908,0.41970214164233044,"[0.4302643766060823, 0.44219971440084094, 0.41473216251394524, 0.4451785456639018, 0.46021831057530493, 0.44424618039999864, 0.45117118839348225, 0.4413561733859274, 0.44520321131660096, 0.4509518626682243, 0.46514517989434423, 0.4674112271622366, 0.4548912481790207, 0.4612822647955996, 0.46265539132785505, 0.46586549923135356, 0.46691724136123824, 0.47020521684630234, 0.4606794608343828, 0.45872055615872076, 0.430471624832018, 0.20942965645672967, 0.35152773643367, 0.40623504139930366, 0.3170144701228963, 0.20985690874686996, 0.29759332767615654, 0.22125134076463074, 0.28272632964077454, 1.0, 0.22536494312382893]"
mst,0,gte-large,8,ArxivClusteringS2S,449848,0.4242189237791749,"[0.4511359174048033, 0.45428827626819085, 0.44639301708951573, 0.44122802372055697, 0.4552579209229655, 0.45754135968659604, 0.45407551590206613, 0.4624389114392607, 0.4542757600145646, 0.4517984633062204, 0.4621837409188082, 0.46906592363316113, 0.4674312097783385, 0.4633557342787586, 0.4665410878678411, 0.4646276005438527, 0.47007982620125455, 0.47767097617275583, 0.4582301295370624, 0.4653618267627456, 0.4327567267700695, 0.23433521206336183, 0.3523043487330009, 0.3880789231397356, 0.3064821330383204, 0.21443726987018802, 0.28720714571358713, 0.22150743386432556, 0.3013373832446199, 1.0, 0.21935883926789332]"
mst,0,gte-large,10,ArxivClusteringS2S,549744,0.4220465141939749,"[0.44516386356844617, 0.44783077156778334, 0.41904672864978837, 0.45569987425224945, 0.4577595548151707, 0.4566864876807398, 0.45710388503515015, 0.4456478526803563, 0.4339129314236298, 0.4522286756525729, 0.47218411188543263, 0.471696910770885, 0.47637886380300454, 0.46908245808032273, 0.46702585981166833, 0.4717315041763633, 0.47252222458803367, 0.47227279551751955, 0.46678606908847387, 0.47262186576474813, 0.43971393194862, 0.21538325831109026, 0.345448966271294, 0.3822877457463948, 0.30844251049346194, 0.21565448142625165, 0.24658003091596978, 0.21677967004089524, 0.29442430142546083, 1.0, 0.23534375462144433]"
mst,0,gte-large,15,ArxivClusteringS2S,799496,0.4274716662785495,"[0.46637443756018043, 0.454967581919283, 0.45793547393715583, 0.4523289219627592, 0.4316546826765798, 0.45451083602235876, 0.4428478440970936, 0.45195786921461095, 0.4677836709586595, 0.4656114072368328, 0.4766109608947984, 0.4730721132032845, 0.4745105106970959, 0.4740920261295076, 0.47002223451153624, 0.4741358261524354, 0.47705436123044254, 0.47490907129271165, 0.4733445133077747, 0.4757893882675381, 0.44036555854782455, 0.22359104184934975, 0.3483842875388167, 0.4097176572067615, 0.3105729342815138, 0.22149329067393736, 0.2557451320226228, 0.22367993279548065, 0.29047623123472005, 1.0, 0.23808185721136813]"
mst,0,gte-large,20,ArxivClusteringS2S,1049122,0.4247448559548779,"[0.4603868363411917, 0.45566870838375867, 0.4551992032868791, 0.43642724755270185, 0.4519140173701344, 0.4598451661009761, 0.46318223565950356, 0.45425123683758134, 0.45301412910540306, 0.43687524271975414, 0.47582462333341985, 0.47247536324112843, 0.48116491310805026, 0.47739564035207993, 0.47289349818320586, 0.47815807623359785, 0.4767929798941581, 0.4806298732317932, 0.47543605647870324, 0.47572664891877325, 0.4409491799998361, 0.22132616988350204, 0.3471667695577128, 0.3884436078937589, 0.2964679214246065, 0.21030858888618298, 0.2510437668132194, 0.22265243685737504, 0.2763425918617367, 1.0, 0.21912780509049098]"
mst,0,gte-large,1,MedrxivClusteringS2S,9990,0.12457524945634268,"[0.09836708869908858, 0.09918911607126721, 0.09664976076773511, 0.09666140393491084, 0.0984318691443209, 0.15534829359451252, 0.1468890318409514, 0.1509727591501127, 0.15339844200121966, 0.1498447293593079]"
mst,0,gte-large,2,MedrxivClusteringS2S,14984,0.20947485126572643,"[0.17995625694092846, 0.18026805383719358, 0.1947923490893022, 0.19122187397201712, 0.1785457619753821, 0.23896122294532046, 0.22046589789744156, 0.23861108833962372, 0.2320091206790526, 0.23991688698100266]"
mst,0,gte-large,3,MedrxivClusteringS2S,19968,0.2747148874973509,"[0.24035824706090145, 0.25431428547591095, 0.2568366851206314, 0.26843415982015656, 0.2762525931434731, 0.3015762539131662, 0.28925904359830523, 0.2884417284598237, 0.2889634689740355, 0.2827124094071048]"
mst,0,gte-large,6,MedrxivClusteringS2S,34898,0.3056831145247202,"[0.29304532158221913, 0.29703215179107195, 0.29496436611887, 0.29382713865877225, 0.29499522822048496, 0.3229677000104256, 0.3072730403051984, 0.31730962917782374, 0.3210162173312189, 0.3144003520511173]"
mst,0,gte-large,8,MedrxivClusteringS2S,44832,0.3069548943254982,"[0.2918614286183782, 0.30145895260367966, 0.2896900878141236, 0.2931075626879262, 0.2891169033594575, 0.3330787062831333, 0.30374996611973304, 0.3327726095064672, 0.3221064738336129, 0.3126062524284708]"
mst,0,gte-large,10,MedrxivClusteringS2S,54772,0.3120847185137793,"[0.29466527377717766, 0.3005596339339939, 0.30384026436726913, 0.2949089328868473, 0.31663427472669436, 0.3342062926726057, 0.3049840548077554, 0.3368744887953787, 0.32038384684020077, 0.3137901223298697]"
mst,0,gte-large,15,MedrxivClusteringS2S,79494,0.3138969001956363,"[0.29596171693192863, 0.3087829326445244, 0.2979709300329809, 0.29643065661467854, 0.3006480009529381, 0.33967139971573984, 0.32273738794861334, 0.33776127412740636, 0.32467279336298355, 0.31433190962456986]"
mst,0,gte-large,20,MedrxivClusteringS2S,104102,0.31783834444671016,"[0.30438779746988814, 0.3047056702255316, 0.2990936973581714, 0.30574592793103067, 0.30800302488050624, 0.33797163735332164, 0.3188797511154292, 0.3401498778585988, 0.3291222265853205, 0.3303238336893031]"
mst,0,gte-large,1,StackExchangeClusteringP2P,19996,0.2820939134486411,"[0.25438803028379975, 0.25131265628149785, 0.25641692151090073, 0.25145102157304783, 0.2536439042497697, 0.31732054673204707, 0.3083143677965341, 0.30412933105271556, 0.3131319345432181, 0.31083042046288006]"
mst,0,gte-large,2,StackExchangeClusteringP2P,29984,0.3273874226331233,"[0.3035197049403381, 0.30421846595596425, 0.3105050466330132, 0.3022081645048253, 0.3068480974820501, 0.35608168305937743, 0.3441179395733711, 0.3520206066455883, 0.34784337361097145, 0.3465111439257335]"
mst,0,gte-large,3,StackExchangeClusteringP2P,39972,0.3556785831374964,"[0.3399869376641467, 0.3404980086619398, 0.33937517020196356, 0.33594151425820573, 0.3412375766767265, 0.3874185411672334, 0.35937262936717224, 0.3698683356330049, 0.3698992704865858, 0.3731878472579857]"
mst,0,gte-large,6,StackExchangeClusteringP2P,69904,0.37645865019910174,"[0.36089489597501656, 0.36265894017963934, 0.3586990367516925, 0.3559206665220161, 0.3586519827714514, 0.40386355771769505, 0.3880310895115213, 0.39223734176312536, 0.3918732722844693, 0.39175571851439067]"
mst,0,gte-large,8,StackExchangeClusteringP2P,89834,0.38001111191162795,"[0.36431405283026613, 0.3652941217397503, 0.3620348901616786, 0.36064279884686434, 0.36692202959931275, 0.40651047420028025, 0.3883657068969939, 0.39525691983473416, 0.40142596358257265, 0.3893441614238269]"
mst,0,gte-large,10,StackExchangeClusteringP2P,109744,0.38340777700176104,"[0.36763650686519284, 0.37093817844091054, 0.3661838487940814, 0.3662184955956234, 0.3672877418153557, 0.40716293753859606, 0.39033749487782227, 0.40092560702292623, 0.40237124671452884, 0.3950157123525734]"
mst,0,gte-large,15,StackExchangeClusteringP2P,159478,0.38365022437873797,"[0.36716416888023024, 0.370579782013125, 0.36671605723586614, 0.3633596537510515, 0.3680851209369647, 0.4054574856234062, 0.3943531558458944, 0.39966121024872725, 0.40327123728080666, 0.3978543719713078]"
mst,0,gte-large,20,StackExchangeClusteringP2P,209128,0.38651448914862774,"[0.3725369410239394, 0.37176295991423747, 0.3690212874983776, 0.36949235649257073, 0.3672478672322258, 0.4063711571956867, 0.39842790654563365, 0.39989201087322773, 0.4094837218079644, 0.40090868290241444]"
mst,0,all-MiniLM-L6-v2,1,TwentyNewsgroupsClustering,43622,0.06334520593334123,"[0.17246064033035016, 0.11099075582632913, 0.07267295426752086, 0.06673169008505274, 0.04913996431098068, 0.04371440526659163, 0.0341024670282334, 0.031822544948761994, 0.025542876310400683, 0.026273760959190914]"
mst,0,all-MiniLM-L6-v2,2,TwentyNewsgroupsClustering,65438,0.20838565365205364,"[0.3294022247355252, 0.2946820417358135, 0.24026722566741865, 0.21178779183695948, 0.22916628697339528, 0.1681701899743311, 0.17817443449791545, 0.1695224397706917, 0.15861212288340926, 0.1040717784450767]"
mst,0,all-MiniLM-L6-v2,3,TwentyNewsgroupsClustering,87230,0.3398872526263345,"[0.39129639237833386, 0.3576857753847311, 0.38106506993417855, 0.37989382320112997, 0.32820687101323665, 0.3161323031102299, 0.32477038964417565, 0.3145348131563629, 0.30900751847031593, 0.296279569970651]"
mst,0,all-MiniLM-L6-v2,6,TwentyNewsgroupsClustering,152616,0.41871981288712357,"[0.44308612704814665, 0.4331120410739419, 0.45120972854285984, 0.4476581047575159, 0.39897410748257056, 0.447025531959897, 0.42348802356257753, 0.38821773958712313, 0.4111862321419911, 0.3432404927146127]"
mst,0,all-MiniLM-L6-v2,8,TwentyNewsgroupsClustering,196186,0.43831127807340425,"[0.4481731560318445, 0.4526502681315843, 0.45654006331688507, 0.4528605661829628, 0.4550845798135426, 0.4056211491597441, 0.42097129350466855, 0.4124978409165813, 0.44682636521611235, 0.43188749846011715]"
mst,0,all-MiniLM-L6-v2,10,TwentyNewsgroupsClustering,239738,0.4413724150626412,"[0.4594389158127297, 0.44613785049942684, 0.4840367161513979, 0.4454408431481795, 0.41485888607088206, 0.41379141758676957, 0.43090587413665427, 0.4457851513432639, 0.4295757976845259, 0.4437526981925825]"
mst,0,all-MiniLM-L6-v2,15,TwentyNewsgroupsClustering,348546,0.44762340516582527,"[0.45547695729304694, 0.4480790420401903, 0.45828955366730445, 0.4782327301904356, 0.46239048798552496, 0.44642404176911166, 0.42923345739119184, 0.4437461684530637, 0.4010968001610158, 0.4532648127073683]"
mst,0,all-MiniLM-L6-v2,20,TwentyNewsgroupsClustering,457264,0.46622493006725135,"[0.4732184987994198, 0.46413547725582177, 0.4733555849612622, 0.47229141975220823, 0.4913438749375127, 0.4939063622835405, 0.46411879126398603, 0.4530471021617402, 0.41551958727871857, 0.4613126019783027]"
mst,0,all-MiniLM-L6-v2,1,ArxivClusteringP2P,99992,0.08887604615392612,"[0.0050203451762296895, 0.00586656163771891, 0.005590529238184637, 0.004428340870695975, 0.005535048448487464, 0.005043539405123719, 0.00562828918392135, 0.005398743388760946, 0.005286314561214208, 0.005539613556490739, 0.1433841664353219, 0.14270483544430498, 0.13976090058609927, 0.1440472069021519, 0.1435920319449021, 0.14399745853556406, 0.1475133941425856, 0.1401118026824283, 0.1392904537863767, 0.14252119643114877, 0.08956060197165082, 0.019237895153758008, 0.06295597629329926, 0.00899699088975793, 0.024296353709759293, 0.02732783739661234, 0.014586439395703943, 0.007684977203701832, 0.009483652590690636, 1.0, 0.010765933809064267]"
mst,0,all-MiniLM-L6-v2,2,ArxivClusteringP2P,149984,0.39472705518541606,"[0.4050882518924398, 0.41407095304244, 0.4308974420501962, 0.4214045150869142, 0.40998819444858253, 0.42435141616226824, 0.404964194751531, 0.4176867645694188, 0.404664013298224, 0.40644104687726484, 0.45101503820318156, 0.454145541165049, 0.45457279253004995, 0.4382853551212943, 0.45820870639224, 0.4644577546961021, 0.4586551827034178, 0.4575371972408915, 0.45367359243716143, 0.44113811689892984, 0.4110392775798356, 0.1549258593734792, 0.3606751106471222, 0.34678626781858085, 0.2729156797263781, 0.17819732603535754, 0.20299662955460276, 0.17812519635439342, 0.24163340932091285, 1.0, 0.21799788476963794]"
mst,0,all-MiniLM-L6-v2,3,ArxivClusteringP2P,199966,0.44585286665698276,"[0.46826122359690064, 0.4732511096050121, 0.4719125949816986, 0.47185966687146086, 0.4530994677974876, 0.4663994555107055, 0.4607367451708834, 0.46805434820041203, 0.4810070095537314, 0.45989474818337184, 0.5023855345978173, 0.49764995812068363, 0.4972889964281278, 0.4965961915041931, 0.5033028649446016, 0.5091393153908431, 0.5018322825205541, 0.5049176982806847, 0.4984222679993464, 0.5037546698379631, 0.4664584874098635, 0.25401332980018043, 0.4109409097190376, 0.416554101669702, 0.33382710671451105, 0.23150486254480848, 0.25457104153337967, 0.21649729236497167, 0.28052247617436593, 1.0, 0.2667831093391671]"
mst,0,all-MiniLM-L6-v2,6,ArxivClusteringP2P,349918,0.46095156660574116,"[0.4941068595795943, 0.4832222139739617, 0.48233475479724136, 0.485922298957816, 0.4823608392405616, 0.48228996990405887, 0.49886217610994, 0.492913911343399, 0.4759785307418705, 0.49632299060101676, 0.5203528431115053, 0.5061427811989805, 0.5118038492801563, 0.5157088293357303, 0.5223071763897487, 0.5106193989400124, 0.5157287715502956, 0.520897537461828, 0.5111672486499308, 0.5165770675653916, 0.48776352802584766, 0.2544625270510118, 0.4332340797066572, 0.4086443268987015, 0.34054589862568135, 0.25975328935867104, 0.27328444696443027, 0.23184294197692396, 0.30013625741254146, 1.0, 0.27421122002447035]"
mst,0,all-MiniLM-L6-v2,8,ArxivClusteringP2P,449846,0.4595311694678672,"[0.46785863254001814, 0.47028805331846885, 0.47637271353877136, 0.49153632548855186, 0.4634746676878302, 0.4910659871308128, 0.48003094629608645, 0.4704916248265851, 0.4818739676512488, 0.47083726568235346, 0.5167336471271977, 0.5168642640325, 0.519379832477623, 0.5160239957587424, 0.5206380252810171, 0.5197624767298562, 0.5187515329401581, 0.5176871002535811, 0.5154147013649835, 0.5212471685285008, 0.4887200285121692, 0.2846232968690194, 0.4305518707183355, 0.4285280118431627, 0.34000074245341694, 0.2508263600709142, 0.2568825726011186, 0.2380675056098406, 0.30103471048040503, 1.0, 0.2798982256906134]"
mst,0,all-MiniLM-L6-v2,10,ArxivClusteringP2P,549768,0.4580225112328833,"[0.4821110044439742, 0.44137683035216935, 0.45284150876709517, 0.4578200931513894, 0.4804780293648963, 0.500887026558973, 0.4870228218725903, 0.4830276362033134, 0.48206336592600463, 0.4898170955601542, 0.5167591969519917, 0.5158753903174529, 0.5211495523028739, 0.5214129825325792, 0.520887438380847, 0.5209480829731052, 0.5218910672224116, 0.5223874269826944, 0.5130907582584393, 0.5166239383564524, 0.48144667909497413, 0.24893403727276692, 0.4293899655048027, 0.4231539783294021, 0.34272652090038125, 0.25587236391711465, 0.26177518178727677, 0.2317651803913792, 0.3007856732672906, 1.0, 0.2743770212745843]"
mst,0,all-MiniLM-L6-v2,15,ArxivClusteringP2P,799482,0.46186248524469653,"[0.46304190890871066, 0.4777140279408324, 0.4834046898945405, 0.48382795854342886, 0.48890767488408493, 0.485005524076511, 0.4855721309122362, 0.5025386890761049, 0.4690596829058575, 0.4908179632107705, 0.5216369389822151, 0.522703105389072, 0.5221786545699113, 0.5210331404898291, 0.5263357726079316, 0.5248335810089976, 0.5229673281467446, 0.5203681125234225, 0.5222805238525654, 0.5190870362192093, 0.4859457903791246, 0.2553307362995045, 0.4417610933621534, 0.4204398540599065, 0.32741970609555787, 0.2501808178403262, 0.26867365394388965, 0.22917158883225466, 0.3086461057240404, 1.0, 0.2768532519058583]"
mst,0,all-MiniLM-L6-v2,20,ArxivClusteringP2P,1049126,0.46270293890546726,"[0.45585267601284846, 0.4920430671574982, 0.48710186699678765, 0.4953015972116621, 0.4746479778242995, 0.49139158744534117, 0.4832568645458479, 0.4968926924771948, 0.4695007440651092, 0.489551260111711, 0.5163530895231647, 0.5259145993159293, 0.5195834540138543, 0.5183200317801452, 0.5224163637408861, 0.5204794820137624, 0.5240095718010649, 0.5237359257076614, 0.5246827431115462, 0.525586446419399, 0.48693263843430445, 0.25293590692081747, 0.43953104069761867, 0.41311913110184667, 0.323395718993866, 0.2505194172078957, 0.30958177110024787, 0.2279989353944126, 0.31007390824619363, 1.0, 0.2730805966965691]"
mst,0,all-MiniLM-L6-v2,1,RedditClustering,101430,0.030329091621445925,"[0.01864651708171301, 0.030534637032574034, 0.03826013348085447, 0.02808609594065109, 0.02876222001130033, 0.028332521549138213, 0.023331288374300135, 0.03950531495354595, 0.03537873752384662, 0.03333353675110769, 0.03422541251670238, 0.025904915792607914, 0.02648447334848928, 0.03262413579679812, 0.02115143316972035, 0.03787895161397835, 0.026771468179541624, 0.025083862332037164, 0.03336898803942142, 0.03427802126723736, 0.040661148808003485, 0.037888202437985456, 0.021439916341532604, 0.027475665298473735, 0.02881969289458733]"
mst,0,all-MiniLM-L6-v2,2,RedditClustering,152142,0.4186813971955318,"[0.47495557719591364, 0.502296606790181, 0.378363639820727, 0.3701201709669289, 0.40478475048547485, 0.39672925536315645, 0.44656550936796396, 0.34667853506996876, 0.40481492468058294, 0.3880578457061818, 0.39679136777880664, 0.5100288464904406, 0.3975636394320873, 0.3876232548152594, 0.4695585284747023, 0.402701563076256, 0.46478664979832607, 0.5322586883396354, 0.3825844425746256, 0.4102127930673114, 0.3557476840511151, 0.3594146050252947, 0.4859866844865372, 0.4176058966410983, 0.38080347038972007]"
mst,0,all-MiniLM-L6-v2,3,RedditClustering,202836,0.4921590039856354,"[0.5500737605512122, 0.5900111828277664, 0.43686684535014575, 0.4523767642636258, 0.48896997920949953, 0.49402344972115375, 0.49585952300023023, 0.42555839155220343, 0.47362131508856664, 0.44780712215958557, 0.45985797434370873, 0.5356515184678091, 0.5214802060928342, 0.4682589425745537, 0.5817375259294909, 0.45962285257549007, 0.5176200695384987, 0.583242961593338, 0.4672090401369587, 0.463630240575245, 0.44266660269729713, 0.46279020221825873, 0.5520976231535096, 0.4858164859827468, 0.4471245200371577]"
mst,0,all-MiniLM-L6-v2,6,RedditClustering,354894,0.5316367602363807,"[0.5867566051377618, 0.6101300918867085, 0.48204778006592025, 0.47991577705447225, 0.5212662901280827, 0.5087160978613571, 0.5543066569400675, 0.47989949048041436, 0.5120366316353249, 0.506324009592032, 0.4960749347420019, 0.5932936957295464, 0.5224196112267643, 0.5283531401539424, 0.6091407096330299, 0.4954643632061253, 0.543981587740357, 0.6010755334473908, 0.5060162414686004, 0.4853012243692028, 0.4940432741275992, 0.5003490380145443, 0.6576888175594778, 0.5404959978451856, 0.475821405863607]"
mst,0,all-MiniLM-L6-v2,8,RedditClustering,456290,0.5319168551497063,"[0.586052505921392, 0.6184773913150732, 0.48582891540594436, 0.4923688850858173, 0.5111739764295786, 0.49367912254027463, 0.5575401909317204, 0.4867497950512541, 0.500063580988362, 0.49302354746754895, 0.48814374539695515, 0.5838238546181979, 0.5261735462201523, 0.5288741405174315, 0.5997560153757897, 0.49172249340048774, 0.5560294013466167, 0.6312578335557026, 0.5177857717318934, 0.5034880905330578, 0.49296735768427913, 0.5008548844550931, 0.6518156350666087, 0.5257062548287789, 0.47456444287464816]"
mst,0,all-MiniLM-L6-v2,10,RedditClustering,557650,0.5358187632913864,"[0.5827731820259523, 0.6088683170491442, 0.48287109670758793, 0.5196585234382116, 0.5139795532986426, 0.5154217500913741, 0.5649580724834196, 0.4911384652641712, 0.5058635448319048, 0.5066489647208617, 0.49913657668854033, 0.5770759632870257, 0.5277843020242662, 0.5467923792862545, 0.6292789323050282, 0.5024790605978909, 0.548005786334298, 0.5672834767319983, 0.5023129876354376, 0.4966057031791176, 0.5030248642568423, 0.5134014642816728, 0.6647276525817781, 0.5400067816164379, 0.48537168156680155]"
mst,0,all-MiniLM-L6-v2,15,RedditClustering,810960,0.5389582335486892,"[0.5952573239805944, 0.6194526301373956, 0.4792574050641729, 0.5162143903612448, 0.5166422378085777, 0.49924963460586774, 0.5639899934986105, 0.5042169512612896, 0.4997784894237086, 0.4978952212886807, 0.5027922455656589, 0.5971240223566305, 0.5432260377051414, 0.5460310221561526, 0.6098938884155432, 0.5046559977098725, 0.5692830718138633, 0.5947501746354092, 0.5013942501076534, 0.5110086668354895, 0.49746502806256904, 0.5167667650390115, 0.6425505386015077, 0.5472665363390002, 0.4977933159435833]"
mst,0,all-MiniLM-L6-v2,20,RedditClustering,1064166,0.5404249329871987,"[0.602358844746815, 0.6126885764372262, 0.48703769543780284, 0.5231434065032927, 0.5328890162275429, 0.5122994179677943, 0.5402697535347464, 0.49762940323843124, 0.5073357802995048, 0.5021720770002167, 0.48187944372841474, 0.6047219536650948, 0.5477103512657606, 0.5446162082892151, 0.6580442949840005, 0.5042892458813983, 0.5469197557079492, 0.6131066567254345, 0.5153284786382759, 0.4949600065795242, 0.49402426273811273, 0.5168042752593394, 0.6442106935163788, 0.543513444567988, 0.48267028173970544]"
mst,0,all-MiniLM-L6-v2,1,BiorxivClusteringS2S,19992,0.0335066466753147,"[0.021025577507992003, 0.023736036398656814, 0.021586934872785814, 0.021127638425230133, 0.022844309173348752, 0.0427519012482594, 0.04532348518294223, 0.043409707251329345, 0.04526566841383772, 0.04799520827876477]"
mst,0,all-MiniLM-L6-v2,2,BiorxivClusteringS2S,29982,0.21817714119901938,"[0.2274225865178709, 0.20948617445589635, 0.22106225003387425, 0.22070497122220573, 0.20224034070158772, 0.2241604163238813, 0.20751384145454746, 0.22035031877045885, 0.22094379161979708, 0.2278867208900743]"
mst,0,all-MiniLM-L6-v2,3,BiorxivClusteringS2S,39968,0.269146489197079,"[0.26430669252673417, 0.27601578784896535, 0.2698818606792807, 0.2657517723607177, 0.2770415577776527, 0.25747612670234127, 0.28102775242165057, 0.27062399105792545, 0.2710618711919399, 0.2582774794035823]"
mst,0,all-MiniLM-L6-v2,6,BiorxivClusteringS2S,69912,0.2971690855707381,"[0.30797116711963046, 0.2984670678379908, 0.29243604740022144, 0.28720388398415975, 0.30388410704156626, 0.3011368113477708, 0.2918800185175832, 0.3046668187817871, 0.2874091549324476, 0.2966357787442237]"
mst,0,all-MiniLM-L6-v2,8,BiorxivClusteringS2S,89826,0.2986992801832294,"[0.3016745435425846, 0.29817505049965815, 0.29831430457233465, 0.2705013320957367, 0.3077766277891155, 0.2985626977526297, 0.3122495281400633, 0.30669340224209046, 0.29531690194047444, 0.2977284132576062]"
mst,0,all-MiniLM-L6-v2,10,BiorxivClusteringS2S,109756,0.30409709123423295,"[0.3007386483591421, 0.3055668903944067, 0.30084828141938624, 0.2996916512427731, 0.30513405788506964, 0.3100400593170516, 0.29434810934956923, 0.31526055680698406, 0.3043913019251457, 0.3049513556428011]"
mst,0,all-MiniLM-L6-v2,15,BiorxivClusteringS2S,159494,0.3110249995630715,"[0.30575037205652805, 0.28700860577964005, 0.3121880764499715, 0.31764997768821546, 0.3129933533773611, 0.3093715277083425, 0.3167696159904517, 0.3166278489311851, 0.3079962154309271, 0.3238944022180925]"
mst,0,all-MiniLM-L6-v2,20,BiorxivClusteringS2S,209128,0.30911568667828293,"[0.3120280533378033, 0.3134926433412742, 0.29828113099964315, 0.30513022659021355, 0.30569809719581914, 0.3142196667134178, 0.29754907169930217, 0.31312778958796633, 0.307513973336957, 0.32411621398043244]"
mst,0,all-MiniLM-L6-v2,1,MedrxivClusteringP2P,9988,0.1337550278122332,"[0.11109038151228282, 0.10276941158397, 0.10349410722363964, 0.10293784789889425, 0.10360124245034055, 0.16292069977354887, 0.1561779529884421, 0.16863024648759964, 0.16111714561926144, 0.1648112425843526]"
mst,0,all-MiniLM-L6-v2,2,MedrxivClusteringP2P,14984,0.2600507916219029,"[0.23960587175682332, 0.23922461235561274, 0.2515062235278307, 0.24523217919851298, 0.23506726761990246, 0.29148045399765354, 0.2725151082429964, 0.2968860292832137, 0.25926818189846873, 0.269721988338014]"
mst,0,all-MiniLM-L6-v2,3,MedrxivClusteringP2P,19980,0.30240424558481266,"[0.27752244901660783, 0.28499055814762614, 0.29434782489512923, 0.2933217069003531, 0.2996230551815452, 0.3253190603684814, 0.3237607183458179, 0.3175665569772866, 0.2965717461876249, 0.3110187798276543]"
mst,0,all-MiniLM-L6-v2,6,MedrxivClusteringP2P,34908,0.32203319008127257,"[0.31492540371380207, 0.3012084389869952, 0.29969953473071187, 0.3020511488902739, 0.3201362427219293, 0.3340196354663071, 0.33722263238760103, 0.34944348067565284, 0.3270899731452948, 0.3345354100941577]"
mst,0,all-MiniLM-L6-v2,8,MedrxivClusteringP2P,44830,0.323595126740972,"[0.32082359682782513, 0.31370794528985063, 0.3057364348431243, 0.30621291691245517, 0.31139314128019463, 0.3253720425676727, 0.3392160647114209, 0.35024575807675623, 0.33512447297965886, 0.32811889392076166]"
mst,0,all-MiniLM-L6-v2,10,MedrxivClusteringP2P,54754,0.3250277841316254,"[0.3121030293840695, 0.32008888323307344, 0.3184023142592782, 0.3012649855051319, 0.3182101592397088, 0.33482658403050475, 0.33473041696201394, 0.33658335914006626, 0.34234595508681204, 0.3317221544755949]"
mst,0,all-MiniLM-L6-v2,15,MedrxivClusteringP2P,79476,0.3273491321601252,"[0.31843644370022106, 0.3208407367441923, 0.31521720509028994, 0.3079741200221913, 0.3185515197524231, 0.34753792087362745, 0.34004894132974633, 0.34285489727152235, 0.32761393859701077, 0.33441559822002714]"
mst,0,all-MiniLM-L6-v2,20,MedrxivClusteringP2P,104122,0.327937664530026,"[0.31956531136556826, 0.3124410788537959, 0.3144757353783582, 0.3102179293554666, 0.3112079507998101, 0.335115388835347, 0.3417531814956916, 0.3575965455590446, 0.3360734748124366, 0.34093004884474093]"
mst,0,all-MiniLM-L6-v2,1,BiorxivClusteringP2P,19992,0.03658700252916584,"[0.025617651974810446, 0.026334136533179953, 0.02710019678238858, 0.02406183357153036, 0.025219381451065503, 0.04272923848747475, 0.04601236416177872, 0.046073428210549466, 0.04846970754806853, 0.054252086570812055]"
mst,0,all-MiniLM-L6-v2,2,BiorxivClusteringP2P,29986,0.2601101251141035,"[0.2548658215949814, 0.2692375908976804, 0.26297116081326083, 0.25027677118791336, 0.25928081992123625, 0.2537402860461132, 0.2782560225978376, 0.25800099098035595, 0.2535684403539639, 0.26090334674769233]"
mst,0,all-MiniLM-L6-v2,3,BiorxivClusteringP2P,39968,0.32751218046339525,"[0.3123228466857273, 0.3398359548846029, 0.33214451198945877, 0.3011327308080859, 0.3241921777975187, 0.32594637797575465, 0.3436989543262075, 0.3323614553982642, 0.3272913538526481, 0.33619544091568393]"
mst,0,all-MiniLM-L6-v2,6,BiorxivClusteringP2P,69896,0.3532020893993288,"[0.33922705060154745, 0.3575236767752602, 0.3515220507045951, 0.3397130366250364, 0.3403326394444065, 0.3690529003729063, 0.3692181138999901, 0.37072778653494126, 0.33673810104741847, 0.35796553798718633]"
mst,0,all-MiniLM-L6-v2,8,BiorxivClusteringP2P,89850,0.3604856535324485,"[0.3560046687930462, 0.36704661653263293, 0.3481427650317515, 0.35401237246241785, 0.3614908844768074, 0.3617695023182572, 0.3744075014901887, 0.3628253766532624, 0.3565048885693442, 0.3626519589967765]"
mst,0,all-MiniLM-L6-v2,10,BiorxivClusteringP2P,109778,0.36307645056977217,"[0.3575805743027525, 0.37049461383047416, 0.3597388144570751, 0.34896002737390014, 0.3494965222919309, 0.36629910283579165, 0.36341684915218525, 0.3705123421215735, 0.365533514270501, 0.37873214506153774]"
mst,0,all-MiniLM-L6-v2,15,BiorxivClusteringP2P,159496,0.36518109921301706,"[0.3636108126925251, 0.3800702141355177, 0.36968666830014746, 0.3541966373803643, 0.36543940027225996, 0.35124722953504084, 0.36888202460363895, 0.3818398255424091, 0.3643211806856761, 0.3525169989825914]"
mst,0,all-MiniLM-L6-v2,20,BiorxivClusteringP2P,209122,0.36676100954269364,"[0.3644948035118003, 0.3710095842608894, 0.36737331949952423, 0.35804927237246326, 0.3656332046168627, 0.36085175223833876, 0.3701570180830697, 0.3830836637947415, 0.3673730998670572, 0.35958437718218983]"
mst,0,all-MiniLM-L6-v2,1,ArxivClusteringS2S,99992,0.08183228074073508,"[0.003938909644222767, 0.005315706240424359, 0.005381920500083867, 0.0035319552894115106, 0.004198962027015733, 0.005193682505801457, 0.004724501871050089, 0.0058174255437396, 0.0036631651401871426, 0.0036346169639951175, 0.12712806867799978, 0.12975062687202857, 0.12271199834907084, 0.1267821126233955, 0.1282103745695812, 0.12785692313354982, 0.12753797658330812, 0.12608554112822667, 0.12147832035916252, 0.12503936805427052, 0.08063069437106636, 0.006598290189747088, 0.05055384879822436, 0.007283638245741239, 0.020692990797745666, 0.024816523181302844, 0.013776191392774742, 0.006336884903725459, 0.009454554114981228, 1.0, 0.00867493089095343]"
mst,0,all-MiniLM-L6-v2,2,ArxivClusteringS2S,149984,0.31248237092004894,"[0.3020783905985628, 0.32950658758039847, 0.3354377360788411, 0.326975199722081, 0.31755201256531257, 0.3175238105811439, 0.3322616287615411, 0.29607377914803656, 0.33399766302866196, 0.3189762589035666, 0.34890524296639214, 0.34312590219851674, 0.34673752268858843, 0.34372156105210083, 0.35339380883092464, 0.34959330874964023, 0.34181094211707536, 0.34552473622071217, 0.3533208082140329, 0.3485997055581081, 0.3230226869675399, 0.14912695352956448, 0.21969618000227578, 0.2904797144135377, 0.20889222328311108, 0.14019023540822914, 0.1827751974716908, 0.12425286212815362, 0.2016204803758137, 1.0, 0.16178035937736454]"
mst,0,all-MiniLM-L6-v2,3,ArxivClusteringS2S,199976,0.36229488008366395,"[0.38452945175484843, 0.383855903096314, 0.38888667739129135, 0.3779831188996697, 0.3930084517084119, 0.3797810585303539, 0.37878834205824335, 0.3866877350139948, 0.38123030596958773, 0.3829143882572216, 0.3907223765603607, 0.3811933296535287, 0.38900173051300413, 0.3846732543485905, 0.3968179650294565, 0.39449561318810195, 0.3928208801519076, 0.3969220775696686, 0.401400125904925, 0.37988399002211465, 0.36738790906851176, 0.20186196144929774, 0.2759598572011979, 0.3593337829709833, 0.2530595445594955, 0.18738955098403312, 0.24876445942885805, 0.15927594287557922, 0.22257702512823188, 1.0, 0.20993447330580278]"
mst,0,all-MiniLM-L6-v2,6,ArxivClusteringS2S,349894,0.3773378095901594,"[0.39008622345437594, 0.38925928276303123, 0.39153088465082714, 0.3931362418311068, 0.40060042837590054, 0.4067433257478032, 0.3791491181261901, 0.40102544621674996, 0.40394491629829166, 0.3837844157289149, 0.42608088351742984, 0.41005742968099596, 0.41639346671699096, 0.4158727361963709, 0.41060759839313565, 0.40202096598261505, 0.4155320833321547, 0.4209009843659618, 0.4110577381961329, 0.41294114350439426, 0.37759211909058993, 0.24889055458085255, 0.28259483484971804, 0.3701243005598504, 0.26931834945415606, 0.19728656461364108, 0.27444025649647474, 0.15738477121359443, 0.24365301627089922, 1.0, 0.1954620170857889]"
mst,0,all-MiniLM-L6-v2,8,ArxivClusteringS2S,449816,0.3818215671374869,"[0.40172767999338965, 0.39891445087118915, 0.39782813641504855, 0.40683016189505167, 0.3925189675115396, 0.40560396374782537, 0.3980280133570028, 0.3931552206071474, 0.3932039961320529, 0.4077823258133484, 0.41623365507519583, 0.41205558541860804, 0.41589009957344253, 0.4125819837866123, 0.4067232078174155, 0.4090747893703352, 0.4153099956372417, 0.4205343909428274, 0.4113302872501213, 0.41964349333891227, 0.384861424429506, 0.2373854276331018, 0.3049426115208725, 0.37657893245049145, 0.27233387495428424, 0.20920702629616775, 0.28028359601803265, 0.17813484816498817, 0.2583336215697486, 1.0, 0.19943681367059132]"
mst,0,all-MiniLM-L6-v2,10,ArxivClusteringS2S,549750,0.3819735094959088,"[0.4018426967846015, 0.4060886777299955, 0.39829361262424573, 0.40979134720164667, 0.36528566373153004, 0.3945886423743625, 0.4002245248102046, 0.3801128483833049, 0.401216548484058, 0.41498395429073104, 0.4244953858187427, 0.41045208757178214, 0.4153846631698307, 0.415976526666093, 0.4190741533037187, 0.42118345837784044, 0.41760028219007334, 0.4132081082288074, 0.41535673948380686, 0.41238698644354566, 0.3954947013410789, 0.2270324707789948, 0.30137470304385905, 0.35454649099672675, 0.29093727307027295, 0.21288364482438332, 0.26352827311015486, 0.17378450963706005, 0.2689011755087109, 1.0, 0.2151486443930105]"
mst,0,all-MiniLM-L6-v2,15,ArxivClusteringS2S,799466,0.3828194509774113,"[0.4003616992777042, 0.3884297118533434, 0.38732839343382053, 0.4068351864207638, 0.4014532383559034, 0.39774350294271715, 0.39944115854028406, 0.4053639804887332, 0.40588237765335716, 0.3913373144089604, 0.42953992926629314, 0.41638189178390345, 0.4157552111008067, 0.421969934625956, 0.41352724280848, 0.41878100046409505, 0.42410243562168887, 0.42355988096903324, 0.41882889304891335, 0.41210247765271985, 0.4066515469274348, 0.21146167788717984, 0.3114434643522699, 0.37810003224634525, 0.27129670484896806, 0.20605859276196123, 0.26283318638168557, 0.1740531694227775, 0.25400895902494025, 1.0, 0.21277018572871204]"
mst,0,all-MiniLM-L6-v2,20,ArxivClusteringS2S,1049114,0.38314574373174964,"[0.4027847884840135, 0.38975579066845384, 0.40770924225193345, 0.41195967550373574, 0.3861846408693656, 0.40108405444655715, 0.4150473648778438, 0.39289182489150415, 0.3907376809669778, 0.4036178782315524, 0.421114979157082, 0.42282477342928565, 0.42465706148649823, 0.41654762032032167, 0.4239108398345003, 0.4154993180856053, 0.4275251510278779, 0.42474556968314237, 0.4206580241903365, 0.42057733059501823, 0.4012885950891975, 0.1981917827265388, 0.3035700942619861, 0.37363220344456216, 0.2819301773165063, 0.20422592999235298, 0.2504585297041878, 0.17765340025315557, 0.24927332740881283, 1.0, 0.21746040648533344]"
mst,0,all-MiniLM-L6-v2,1,StackExchangeClustering,78726,0.030816365458249236,"[0.027524701171443833, 0.02682242600385585, 0.035343723937975545, 0.02946829625872628, 0.018635462352666613, 0.0326269816678325, 0.03280874293988595, 0.02944702498436841, 0.03018581348659012, 0.03787735029661, 0.0176307482382655, 0.027549427404047, 0.022904698829153827, 0.023595509875271915, 0.040954918976607683, 0.03451689952218627, 0.03727697914322467, 0.02362266639135048, 0.041223495574370654, 0.03745607851823672, 0.037230007262684654, 0.03199261274630103, 0.03121734026556143, 0.02623842360459242, 0.03625880700442148]"
mst,0,all-MiniLM-L6-v2,2,StackExchangeClustering,118086,0.4913230526762928,"[0.5247309304229122, 0.5039753960395988, 0.39019318949544396, 0.5341618480239921, 0.41461471882127, 0.41665994142401813, 0.4470526465114316, 0.5927143302105612, 0.5325215842641813, 0.4610704183742307, 0.5995327337603454, 0.5951656746768221, 0.6209422250088235, 0.5758484528966837, 0.43804303276667855, 0.4457395772556715, 0.4581280650203062, 0.4471781225168997, 0.4580167830648941, 0.4640461296350466, 0.48224013563615314, 0.4102628172215745, 0.4634095896252363, 0.5124039663886303, 0.4944240078459148]"
mst,0,all-MiniLM-L6-v2,3,StackExchangeClustering,157434,0.5721905187811285,"[0.5978229156239938, 0.573086940262902, 0.4742883365915495, 0.6035007268380637, 0.5401426617543271, 0.5339776228096399, 0.5138203587373089, 0.6880784288749596, 0.5715583171052737, 0.5297344888235757, 0.6735241784517738, 0.6949923563328745, 0.6645874397145491, 0.683570319398706, 0.5270647824197598, 0.5111138523138036, 0.5373185662638873, 0.5625104524246728, 0.5200284094254423, 0.5397346174416279, 0.5633473635367905, 0.5099349571367757, 0.5327471875674109, 0.6038116860822745, 0.5544660035962675]"
mst,0,all-MiniLM-L6-v2,6,StackExchangeClustering,275452,0.5989351313472525,"[0.6228975535928256, 0.600145745616964, 0.5022890849836776, 0.6121576344700189, 0.5578211644140122, 0.5557922326260247, 0.5321860067541082, 0.6892317420846621, 0.601753476252506, 0.5507056315546953, 0.7291160342901282, 0.7123306283700013, 0.7165800861638606, 0.708987680609113, 0.5518208575401887, 0.5633855728729821, 0.5775735461970845, 0.5842451740125508, 0.5724296090010214, 0.5589458624662886, 0.5809383356432135, 0.5264992306270242, 0.5570630991563071, 0.6126878658667055, 0.5957944285153489]"
mst,0,all-MiniLM-L6-v2,8,StackExchangeClustering,354114,0.6031214492241265,"[0.6143387814709927, 0.6051678422508732, 0.4954350024704673, 0.6273387326327904, 0.5712369316587986, 0.5492118722139572, 0.5442204060042655, 0.7103459627781171, 0.6138959287755555, 0.5680424022469376, 0.732924741807139, 0.7236531310124718, 0.7317365870624797, 0.6851587389959692, 0.5470626750358474, 0.5591640206267255, 0.5611327226090662, 0.5996963232786738, 0.5650830849269227, 0.5720258795640899, 0.5918209119902521, 0.5532971603111582, 0.5449516288849479, 0.6261885050609469, 0.5849062569337147]"
mst,0,all-MiniLM-L6-v2,10,StackExchangeClustering,432748,0.6004489104490053,"[0.6239435645101874, 0.6015023911852673, 0.48973438741367853, 0.6271906210377032, 0.6099464064626146, 0.5606980447072926, 0.5475612533423576, 0.7030999177773235, 0.6074652393978466, 0.5719891299000803, 0.7040598136326534, 0.7412915682149267, 0.7248430918886254, 0.6649809768344768, 0.5496341544501449, 0.5587537380028315, 0.5815777587012824, 0.5812330136853632, 0.5491978702325848, 0.5574232733696178, 0.5893884793909763, 0.5428175719739685, 0.5459651683097844, 0.5979719455925407, 0.5789533812110038]"
mst,0,all-MiniLM-L6-v2,15,StackExchangeClustering,629298,0.6008282334736341,"[0.6235112447289719, 0.5999218788389608, 0.4908380028476962, 0.6325673603123575, 0.5667846446474124, 0.5702003851085315, 0.5599077486480762, 0.6952258696368109, 0.6117508471292928, 0.5698331518876668, 0.6907758115154046, 0.7180992268391123, 0.7293427947734966, 0.6906045509803259, 0.5494883533083192, 0.5661709473908746, 0.5881483054209795, 0.5782555230079286, 0.5650488469946945, 0.551590602685899, 0.5957083760249734, 0.5498679298063718, 0.5332759053942181, 0.612097979845964, 0.5816895490665117]"
mst,0,all-MiniLM-L6-v2,20,StackExchangeClustering,825760,0.5903460549779296,"[0.625666304030633, 0.598614628882663, 0.49278922707542794, 0.6262588307126745, 0.573796805362337, 0.5457277676673926, 0.5425372125338932, 0.6913296989973382, 0.6121385962597379, 0.5600068780120415, 0.6895402447237832, 0.6879172264478068, 0.6817903428362094, 0.6385348990099211, 0.5502011717333511, 0.5579484858164456, 0.5681029360496318, 0.5750934568166653, 0.555095673534104, 0.5543415665482854, 0.5809674707630622, 0.5406736640135732, 0.5262509011908503, 0.601395116662592, 0.5819322687678204]"
mst,0,all-MiniLM-L6-v2,1,MedrxivClusteringS2S,9990,0.13199157925340088,"[0.10403732535241615, 0.1087884233936006, 0.09937728047428859, 0.10420875660094993, 0.1048179558470568, 0.1588456842653587, 0.15626689904990435, 0.1646859920338584, 0.15775060243971614, 0.1611368730768592]"
mst,0,all-MiniLM-L6-v2,2,MedrxivClusteringS2S,14988,0.2335693394316666,"[0.21649145603849596, 0.21532464305576857, 0.2157114569140852, 0.2131418420299738, 0.20933623579756425, 0.2708537873270042, 0.25234971582481075, 0.25144723989037043, 0.25540718961001835, 0.23562982782857447]"
mst,0,all-MiniLM-L6-v2,3,MedrxivClusteringS2S,19972,0.2736478659010827,"[0.2610328008257675, 0.2564233236851154, 0.25631999875948636, 0.2626345623527333, 0.25719030335271686, 0.293223236640602, 0.29858119708614816, 0.29423000751181305, 0.2769130827169234, 0.2799301460795212]"
mst,0,all-MiniLM-L6-v2,6,MedrxivClusteringS2S,34902,0.30016332488793035,"[0.2741694763392732, 0.2861430591545494, 0.2914476131601197, 0.2823072347324643, 0.28968344683018504, 0.3131755859774858, 0.3042273215922315, 0.3394915054136855, 0.3146403698650559, 0.30634763581425356]"
mst,0,all-MiniLM-L6-v2,8,MedrxivClusteringS2S,44840,0.30201448167467265,"[0.28811855103891215, 0.28978941627260735, 0.2911620376767315, 0.28611371734020125, 0.29616414708495753, 0.31700101351339494, 0.3168202584678883, 0.32445826790410737, 0.31093153740723495, 0.2995858700406908]"
mst,0,all-MiniLM-L6-v2,10,MedrxivClusteringS2S,54762,0.30403571366769766,"[0.2984302471814783, 0.2836649279629572, 0.29011510307207417, 0.29146205659276725, 0.29070553736382626, 0.3186202137044104, 0.3131937254735232, 0.33124905595870746, 0.308188212545536, 0.3147280568216962]"
mst,0,all-MiniLM-L6-v2,15,MedrxivClusteringS2S,79488,0.31252993500760373,"[0.2996531720884828, 0.2987908682175067, 0.2972403390300557, 0.3016561218084175, 0.29923508681607325, 0.336452703136694, 0.3178630351734056, 0.3364462216586087, 0.3170657621547773, 0.3208960399920157]"
mst,0,all-MiniLM-L6-v2,20,MedrxivClusteringS2S,104124,0.31304264237578133,"[0.3023070002987966, 0.29668249825137966, 0.28989690770843685, 0.30381609814263066, 0.3066531819020629, 0.327192006526818, 0.325847538814152, 0.3396010660818293, 0.3152299679212848, 0.3232001581104219]"
mst,0,all-MiniLM-L6-v2,1,StackExchangeClusteringP2P,19992,0.2891591395333911,"[0.2657317313350665, 0.2568487735016918, 0.26748819840894655, 0.2560611514508608, 0.2587650673510666, 0.3285882917347069, 0.3135886677795196, 0.3108531823442687, 0.3178804479537778, 0.31578588347400605]"
mst,0,all-MiniLM-L6-v2,2,StackExchangeClusteringP2P,29978,0.33258125834130337,"[0.31683720156477724, 0.3123862299413218, 0.30747369207716385, 0.3087579232167319, 0.3061930775287601, 0.3705239704305347, 0.3475748195897393, 0.3518857036468957, 0.3560484833236814, 0.3481314820934278]"
mst,0,all-MiniLM-L6-v2,3,StackExchangeClusteringP2P,39962,0.34683684408305276,"[0.33367188059439723, 0.32857511280632334, 0.32473833728388934, 0.3260457141208412, 0.32736772831677186, 0.3720198168759523, 0.3603844412720136, 0.35947727435224264, 0.3683956255752437, 0.3676925096328526]"
mst,0,all-MiniLM-L6-v2,6,StackExchangeClusteringP2P,69900,0.3586418535450756,"[0.34676033825123126, 0.3386735811695584, 0.3426609812662876, 0.33673132403583617, 0.340776819300053, 0.381517202255504, 0.37140604432127167, 0.37504759337632276, 0.37838618714593014, 0.37445846432876073]"
mst,0,all-MiniLM-L6-v2,8,StackExchangeClusteringP2P,89860,0.3616957128839605,"[0.34407569622566037, 0.3452157012045718, 0.3435681326331951, 0.3431267163663806, 0.3454749365696503, 0.38740460427949164, 0.374205882066055, 0.37666797305345706, 0.3826181889240892, 0.37459929751705445]"
mst,0,all-MiniLM-L6-v2,10,StackExchangeClusteringP2P,109758,0.36183859378012717,"[0.34794454998750024, 0.34307242075918504, 0.34736794264708337, 0.34083065219279096, 0.3434662383671148, 0.3862362825288285, 0.3766334685649208, 0.37244021966025126, 0.38275651076480116, 0.3776376523287956]"
mst,0,all-MiniLM-L6-v2,15,StackExchangeClusteringP2P,159476,0.36476073076041265,"[0.352793443248247, 0.3480786213007622, 0.3452945822976297, 0.34517786522828664, 0.34923017688668884, 0.388784787022784, 0.37899745816876346, 0.3772843594542551, 0.38442505838543806, 0.3775409556112711]"
mst,0,all-MiniLM-L6-v2,20,StackExchangeClusteringP2P,209124,0.3634780401865555,"[0.3520656045651173, 0.348249643597931, 0.34527077284117663, 0.34497984156157907, 0.34986545924251405, 0.38548602179106967, 0.3731670901471231, 0.3790689090261558, 0.3793746358809837, 0.37725242321190394]"
mst,0,all-MiniLM-L12-v2,1,TwentyNewsgroupsClustering,43626,0.06300264900028513,"[0.16430903060377913, 0.0980125792959206, 0.08107977558792305, 0.061852311851276015, 0.058016750418110975, 0.043671351585183135, 0.03324137574332863, 0.03154920572547689, 0.03082437789776541, 0.027469731294087484]"
mst,0,all-MiniLM-L12-v2,2,TwentyNewsgroupsClustering,65432,0.21444964018605878,"[0.36358077693752877, 0.2896153786843131, 0.259356395694711, 0.22360061433715125, 0.20261071580968373, 0.18298908611248763, 0.16220467102998493, 0.18933099235405138, 0.13760481058287685, 0.1336029603177991]"
mst,0,all-MiniLM-L12-v2,3,TwentyNewsgroupsClustering,87226,0.3388855258270627,"[0.44412323305610374, 0.38030395078164103, 0.3905525100621153, 0.32032576667202556, 0.34130318171876756, 0.31405874321409855, 0.33307696954574584, 0.25326944985507066, 0.3155587867240583, 0.29628266664100095]"
mst,0,all-MiniLM-L12-v2,6,TwentyNewsgroupsClustering,152620,0.42384018930690487,"[0.438917759491011, 0.4357612784001746, 0.4553179948224523, 0.4200670184939856, 0.4312890406164816, 0.440930871182653, 0.34959858400532173, 0.39455055415154144, 0.42931080678924116, 0.44265798511618604]"
mst,0,all-MiniLM-L12-v2,8,TwentyNewsgroupsClustering,196190,0.4450374075976211,"[0.4386744935063565, 0.4657841933639645, 0.4657194313528048, 0.4586026341966535, 0.43601287247770515, 0.44877442512592963, 0.42263450009001596, 0.43341752018394814, 0.43595088264535586, 0.444803123033477]"
mst,0,all-MiniLM-L12-v2,10,TwentyNewsgroupsClustering,239750,0.4450211171867762,"[0.4678909742375071, 0.4611549375252444, 0.4785916400365596, 0.42855194288936677, 0.4152157419509716, 0.42997051534044894, 0.46073570616938847, 0.45142455303198764, 0.43004373267647206, 0.42663142800981546]"
mst,0,all-MiniLM-L12-v2,15,TwentyNewsgroupsClustering,348548,0.44430319090843284,"[0.46415718160032743, 0.4628329770680324, 0.4726949019267754, 0.47511716493375267, 0.4256718732954836, 0.4501935000939467, 0.39809733539283565, 0.46211677082556, 0.4287180575612265, 0.4034321463863882]"
mst,0,all-MiniLM-L12-v2,20,TwentyNewsgroupsClustering,457280,0.45201408492275963,"[0.46320353566403794, 0.48348361848410937, 0.47287157324453377, 0.4753044640467741, 0.48226475289981197, 0.4491476724880102, 0.4457620225530366, 0.4119812186880658, 0.42893351280515524, 0.40718847835406086]"
mst,0,all-MiniLM-L12-v2,1,ArxivClusteringP2P,99990,0.08797482670278675,"[0.004375113290940849, 0.005313076468189146, 0.0046925540111525605, 0.004051067343394038, 0.0036983957886716334, 0.007059173288282305, 0.0056524333305395585, 0.00507433884342675, 0.005183022627810805, 0.006390640844314253, 0.1374846095308853, 0.14112730194105647, 0.14159850638472454, 0.14244994586283585, 0.1404829729944053, 0.14294616135006702, 0.14219421672820362, 0.13741478379925676, 0.13964319602072217, 0.14250354154036335, 0.08848520170266595, 0.015516408629397033, 0.060438507344568904, 0.00863047545713296, 0.023682924964896615, 0.027337683120900142, 0.014324271828319373, 0.00734739498194508, 0.011086887919979457, 1.0, 0.011034819847340897]"
mst,0,all-MiniLM-L12-v2,2,ArxivClusteringP2P,149980,0.3852936777643354,"[0.4034489044595412, 0.40245535056773657, 0.39195967530644144, 0.3926273831672529, 0.41818202798991244, 0.4046785837067459, 0.411490379048622, 0.4054446226342644, 0.4149141071798039, 0.4135576785009424, 0.4378290828104839, 0.4444932823523838, 0.44116173311330875, 0.4440908168932472, 0.4438117302103763, 0.4432811886813979, 0.44587324092058367, 0.4393483981647631, 0.4459619335663663, 0.438117803528998, 0.39203305082278606, 0.15125416066124248, 0.3399888696000851, 0.32428009611630626, 0.24907402270347373, 0.18453632603745024, 0.20760743333343426, 0.1582870772858492, 0.24341944752743966, 1.0, 0.21089560380315797]"
mst,0,all-MiniLM-L12-v2,3,ArxivClusteringP2P,199974,0.4355187193186058,"[0.44531372021454957, 0.4503077198885769, 0.45833800876348235, 0.46842767247915107, 0.46789787063056903, 0.4718728315516853, 0.4501378132154069, 0.461155353749142, 0.46064243937457316, 0.4151707898942032, 0.4787217724152358, 0.4923847160959351, 0.49475940430818455, 0.4877255871778551, 0.4921730996039275, 0.4889758667980142, 0.4934158202606341, 0.4849856139628528, 0.4850017381141958, 0.49073588575037963, 0.44469107986812006, 0.2293703839243635, 0.40796774041151435, 0.39196247500787823, 0.31721470958781656, 0.23166716558199335, 0.2930318363409789, 0.21720068306042867, 0.2668725184628187, 1.0, 0.26295798238231305]"
mst,0,all-MiniLM-L12-v2,6,ArxivClusteringP2P,349914,0.4541480089481369,"[0.4701610341039223, 0.47739295778952745, 0.47876450793419195, 0.48332613760737486, 0.4788697276633774, 0.4653112520578014, 0.4732512440901175, 0.4808240294376618, 0.4683945595410422, 0.477761113697796, 0.5061910460690416, 0.5033859713217391, 0.5081082810791776, 0.5058703598815851, 0.5056532516188135, 0.5090724847187424, 0.5143255978586154, 0.5111954172140682, 0.507832073936616, 0.5032509410570316, 0.4679329876853689, 0.2807838264205506, 0.420776532688139, 0.42843045243192696, 0.32352989315602354, 0.2410765277609994, 0.30425627952304646, 0.20845524665567403, 0.28436058583432283, 1.0, 0.29004395655794596]"
mst,0,all-MiniLM-L12-v2,8,ArxivClusteringP2P,449838,0.45494247781389824,"[0.49136502466323567, 0.47119566787890843, 0.4763347566424935, 0.47521083201250586, 0.480700221022259, 0.4776402203159321, 0.4715026158577286, 0.48002361303784247, 0.48368559106760023, 0.4914700984862704, 0.5086570286464135, 0.5101631392336727, 0.5066108902049435, 0.5123449740522033, 0.5047862769133904, 0.5087859090400509, 0.5052244141013391, 0.5133404183254942, 0.5056107928657828, 0.5137937996093451, 0.46315214809678795, 0.2511184457369603, 0.42646222447153453, 0.4018964100401891, 0.3149711658615015, 0.25855987209286846, 0.3094805470765728, 0.2211960327426883, 0.296012448425594, 1.0, 0.2719212337087343]"
mst,0,all-MiniLM-L12-v2,10,ArxivClusteringP2P,549760,0.4575267577529369,"[0.47042849225846184, 0.4824613837869332, 0.4842954944451311, 0.49672277715509444, 0.4676778862547824, 0.47665777966425316, 0.48594454043760377, 0.4958668771481219, 0.475025681690731, 0.4913161275367699, 0.514746881294141, 0.510805435511525, 0.5144166510827836, 0.5136200712028354, 0.5127383353049543, 0.5154461582544028, 0.5163511094934415, 0.5135689731201846, 0.5111225956501536, 0.5108223423219894, 0.46996244086522715, 0.26834288786557087, 0.4304984263078536, 0.408883581381732, 0.3248229590558765, 0.25720532751963243, 0.28676422975689936, 0.2220376856411708, 0.28632003520159593, 1.0, 0.2684563231311914]"
mst,0,all-MiniLM-L12-v2,15,ArxivClusteringP2P,799482,0.4563401634916829,"[0.48421471434135527, 0.4853454446077346, 0.4938791002955437, 0.4890950178325932, 0.4959273533457285, 0.4804230187647705, 0.4647975348027833, 0.4781743985560971, 0.4769578009587397, 0.47557559109667197, 0.5129317638470253, 0.5132777058652138, 0.5136012550638955, 0.5102643523401381, 0.51694553865116, 0.5153844808907638, 0.5118787243867394, 0.5113237021678048, 0.5139470385060082, 0.5128684833239745, 0.4772230090943159, 0.2608292643293841, 0.4266276771249883, 0.4139656422401383, 0.3193573317023223, 0.24959489498936668, 0.25980216616496654, 0.21966386395054005, 0.29343176369810553, 1.0, 0.26923643530329777]"
mst,0,all-MiniLM-L12-v2,20,ArxivClusteringP2P,1049142,0.455928862986583,"[0.48619108957754315, 0.45994165943652787, 0.4777948404239361, 0.47531713821647764, 0.4897895651381088, 0.4998419626310871, 0.4885517950323572, 0.4967271200043583, 0.49116399376300984, 0.4717041400245936, 0.5159315568712498, 0.5119642959067748, 0.5161817031028307, 0.5111623822853538, 0.5125027450157181, 0.5150571272251664, 0.5160216562270717, 0.5175753261450362, 0.5119535986051347, 0.5136214507931468, 0.4785146432359186, 0.21556169848534798, 0.4160416541473388, 0.40816256317403604, 0.3243650489269598, 0.24366334835039796, 0.2982598741871316, 0.219870769678873, 0.2861537362946338, 1.0, 0.2642062696779514]"
mst,0,all-MiniLM-L12-v2,1,RedditClustering,101424,0.030632077236132163,"[0.018892803503524815, 0.03131578858849869, 0.03667551576850123, 0.024473393990587407, 0.028669430336027795, 0.029762462556741035, 0.026296211573596837, 0.03744440075792358, 0.0350246134561209, 0.034017012702792504, 0.0368060003979859, 0.0291052130828819, 0.026979433860514043, 0.03152402488185599, 0.01497447123693526, 0.03704838679228842, 0.025780723051434945, 0.028217157497185865, 0.03482415118856703, 0.037752055334301905, 0.040773578598766375, 0.03756268280598624, 0.021619289657242226, 0.029241517084312125, 0.031021612198731143]"
mst,0,all-MiniLM-L12-v2,2,RedditClustering,152136,0.4198339666506646,"[0.45418280459713567, 0.4812587928312322, 0.37513608195867904, 0.348015542397976, 0.43929865283627606, 0.39839787140157884, 0.4459132762921678, 0.34478887556853843, 0.4118789642734905, 0.41464152840912194, 0.3944119083484594, 0.4549710675085047, 0.36771752440795397, 0.4486671465570229, 0.4905049350120461, 0.3898229550824549, 0.4465015436937612, 0.5271705908588225, 0.3913661523795211, 0.3912780129699051, 0.35168539124335857, 0.40048452098763687, 0.5293062724728457, 0.4222749573159037, 0.37617379686222085]"
mst,0,all-MiniLM-L12-v2,3,RedditClustering,202844,0.4958738562868845,"[0.5413016640669275, 0.5644775751469557, 0.4316976679348202, 0.47605066778331817, 0.47443155922168, 0.4797723836557358, 0.5152245959744212, 0.4397567099056918, 0.4722283830165487, 0.47261741655954626, 0.4601561301211352, 0.5867697639063582, 0.4751353706805596, 0.49055373062966096, 0.608921764523871, 0.4638018561900489, 0.5026520922612226, 0.6192068515972429, 0.47061173215067237, 0.4597616575976431, 0.4521190161593096, 0.4722144029336933, 0.5364650407069994, 0.4959058900861181, 0.4350124843619336]"
mst,0,all-MiniLM-L12-v2,6,RedditClustering,354910,0.5313910894214177,"[0.5709174873877088, 0.6055382246737603, 0.4838554686587777, 0.5016045056016444, 0.5308033296370519, 0.5146097832959695, 0.5582796849630486, 0.4608519743284267, 0.4960466948790158, 0.4991625109082822, 0.5034475915779182, 0.5815705066112139, 0.5251705223729667, 0.5356083201348517, 0.6005738900475511, 0.4947381691093111, 0.5530750030858816, 0.613655737794983, 0.5086147363484612, 0.4983456646196798, 0.48447735351924254, 0.4982810441458342, 0.6408474383251377, 0.5365120408603006, 0.48818955264842284]"
mst,0,all-MiniLM-L12-v2,8,RedditClustering,456304,0.5395264949974974,"[0.5763401750689174, 0.608117000528806, 0.4865944524573021, 0.5086534504737426, 0.5379669968841319, 0.5201044752918784, 0.5494009427665558, 0.48918015867700937, 0.5062586111874549, 0.5019817035930535, 0.49418892482172444, 0.6207649188486442, 0.5358804073623757, 0.5412494540131987, 0.6541768589586142, 0.49345777216788905, 0.5629562278861018, 0.6165546993025349, 0.50401675717393, 0.4995344348087715, 0.5026645025788683, 0.5102009673102532, 0.6480800343513976, 0.5423129578225292, 0.4775254906017499]"
mst,0,all-MiniLM-L12-v2,10,RedditClustering,557634,0.5407710996096742,"[0.5823601812365661, 0.6151478518137219, 0.4915229899506266, 0.5167596249034582, 0.5190223478454186, 0.5170770914090476, 0.5643350811208362, 0.48430501127035636, 0.5151754390092058, 0.5003457058342117, 0.4950947268849484, 0.5671916580606323, 0.5369507649037504, 0.529333175190363, 0.6541891536967408, 0.5035614905885322, 0.5695906295850027, 0.6387103607899033, 0.5200758269703648, 0.5017724311725283, 0.4941060103789375, 0.5142661630540266, 0.6429675713044806, 0.5430105487073373, 0.5024056545608572]"
mst,0,all-MiniLM-L12-v2,15,RedditClustering,810982,0.5395006552600492,"[0.561934190497526, 0.6051458066742258, 0.4892163748113374, 0.5094338854189089, 0.5320539617443311, 0.5159483712875927, 0.5728916040943222, 0.49040283129538825, 0.5096639997845659, 0.4985948345075963, 0.49487824388042995, 0.5689769272102304, 0.5299457801441808, 0.5484993059680437, 0.6238085904797541, 0.5021511732550795, 0.5633895006847456, 0.6183161349526314, 0.5189629767401064, 0.5098257528840395, 0.5013236329677991, 0.5089024733846279, 0.657963289916234, 0.5452005637889754, 0.5100861751285587]"
mst,0,all-MiniLM-L12-v2,20,RedditClustering,1064146,0.540354909089071,"[0.5605205366712895, 0.5920537882691392, 0.4835405290210526, 0.5139854931353428, 0.5353576310733358, 0.5155985485881799, 0.5814874359793487, 0.4993814829489767, 0.5102124927378155, 0.5050769797507357, 0.49778954867066744, 0.6001581951455975, 0.5373122453463887, 0.5448553991273867, 0.6373051331369032, 0.4965897341880321, 0.5626019582123266, 0.6005496057599078, 0.5268094467797321, 0.5048055502757918, 0.4902477481094397, 0.5094811851866805, 0.6541096312832329, 0.5425699579066741, 0.506472469922798]"
mst,0,all-MiniLM-L12-v2,1,BiorxivClusteringS2S,19990,0.033756142283040136,"[0.021900053869663413, 0.022994463789617864, 0.021486320379450224, 0.02364199845052998, 0.0227189292532453, 0.04765719020695531, 0.040572511033455966, 0.04182681243044597, 0.042986152608394244, 0.051776990808643064]"
mst,0,all-MiniLM-L12-v2,2,BiorxivClusteringS2S,29982,0.2207514329681382,"[0.2094053518380681, 0.21463728381771563, 0.2238001011626876, 0.20729230350775973, 0.21566453276329312, 0.230514093476123, 0.20889275823519993, 0.23324226555764666, 0.22616528341759506, 0.23790035590529304]"
mst,0,all-MiniLM-L12-v2,3,BiorxivClusteringS2S,39962,0.27954891986885727,"[0.271074149144574, 0.26699204810863497, 0.28146046121454643, 0.2745098157223089, 0.2930172884987201, 0.26364818173811067, 0.29126672779068097, 0.2883525834012372, 0.28441439248202643, 0.280753550587733]"
mst,0,all-MiniLM-L12-v2,6,BiorxivClusteringS2S,69918,0.3057016966002354,"[0.3026115134165096, 0.28756465710324763, 0.3070486600313492, 0.31158790974543626, 0.3083875103646551, 0.3023004020157763, 0.30951325983022715, 0.2981868235615775, 0.30343420211836336, 0.32638202781521136]"
mst,0,all-MiniLM-L12-v2,8,BiorxivClusteringS2S,89838,0.3069598072052108,"[0.30642835333612284, 0.2976688328214138, 0.3136178917139233, 0.31698163208132835, 0.2924279020984348, 0.29660764508743426, 0.31629760162368775, 0.31212233550388535, 0.29961196474322405, 0.31783391304265385]"
mst,0,all-MiniLM-L12-v2,10,BiorxivClusteringS2S,109754,0.311615730244035,"[0.31286157695922784, 0.2939218420733581, 0.2967788530361705, 0.313179158428457, 0.31642924056068955, 0.31915531796836527, 0.317240449992605, 0.32075129595955015, 0.3001257735773571, 0.3257137938845696]"
mst,0,all-MiniLM-L12-v2,15,BiorxivClusteringS2S,159488,0.31708138117088913,"[0.30957653376023336, 0.3195555561229995, 0.32147990314471725, 0.31585510929683974, 0.30998166023740664, 0.3178489600849279, 0.31664332773680154, 0.32160373009523713, 0.308817233187693, 0.32945179804203534]"
mst,0,all-MiniLM-L12-v2,20,BiorxivClusteringS2S,209108,0.31584667481463036,"[0.30868696109514876, 0.31595751972244535, 0.3076525534900409, 0.3094348080401363, 0.32191003832163895, 0.30886776466976484, 0.3163869385752727, 0.3222717473029692, 0.31863986122031623, 0.32865855570857094]"
mst,0,all-MiniLM-L12-v2,1,MedrxivClusteringP2P,9994,0.13461692349543838,"[0.10240118899013449, 0.1043163514362452, 0.11230181105694134, 0.10657046556587363, 0.1075121601031502, 0.16730561002840758, 0.1556424192057815, 0.17130058897818307, 0.156803523131771, 0.16201511645789599]"
mst,0,all-MiniLM-L12-v2,2,MedrxivClusteringP2P,14982,0.2527293901868338,"[0.2385376065601449, 0.22530899544812344, 0.2274100064553327, 0.2379598465694921, 0.23618125894751466, 0.26972683372326567, 0.27252802596466, 0.27267459985949827, 0.27492297896266804, 0.2720437493776383]"
mst,0,all-MiniLM-L12-v2,3,MedrxivClusteringP2P,19970,0.2991862672913362,"[0.2933893672677027, 0.2793105157473223, 0.2891186391486825, 0.27878377295800144, 0.28022306147221865, 0.31978437512362484, 0.30650693625050396, 0.3236449445933885, 0.31121384060854246, 0.30988721974337446]"
mst,0,all-MiniLM-L12-v2,6,MedrxivClusteringP2P,34894,0.32504367061370526,"[0.31343860898824344, 0.3108888017915394, 0.31871376780218125, 0.3089442126542047, 0.3086156372521614, 0.33812043061050945, 0.3310792475826954, 0.3437731506236559, 0.34017593523319867, 0.33668691359866265]"
mst,0,all-MiniLM-L12-v2,8,MedrxivClusteringP2P,44842,0.3279728211712635,"[0.3120575398785175, 0.31133902260775703, 0.3259112054372601, 0.30572257038729994, 0.32752085651395235, 0.34092279434426326, 0.34169544339290125, 0.3420086965433454, 0.3357285160919961, 0.33682156651534195]"
mst,0,all-MiniLM-L12-v2,10,MedrxivClusteringP2P,54764,0.32932485254022514,"[0.3165636156197395, 0.3140226754538848, 0.31753827138925483, 0.31621702957379466, 0.3162441571886962, 0.3370631315719103, 0.34976009277433023, 0.3463541436368416, 0.343507801657531, 0.3359776065362679]"
mst,0,all-MiniLM-L12-v2,15,MedrxivClusteringP2P,79476,0.3339404143585699,"[0.32374822638551365, 0.31869202008449593, 0.3216803881357769, 0.32353328649757646, 0.3199887834812362, 0.33660786208132115, 0.3553988345306629, 0.3508271119918797, 0.34342149264920724, 0.34550613774802874]"
mst,0,all-MiniLM-L12-v2,20,MedrxivClusteringP2P,104104,0.3337837583946977,"[0.32640960118559154, 0.32502057127464923, 0.3252876902286748, 0.3218605254638494, 0.3264679084463568, 0.33411288469445943, 0.34553844080925217, 0.3514648756759605, 0.3539162420137251, 0.3277588441544578]"
mst,0,all-MiniLM-L12-v2,1,BiorxivClusteringP2P,19996,0.03537253934861219,"[0.02418463514512176, 0.02159875557364179, 0.02382890034729529, 0.02366096550687072, 0.02509005159122922, 0.043505240951240275, 0.0437561841527711, 0.04690423762979944, 0.04794971523544633, 0.05324670735270594]"
mst,0,all-MiniLM-L12-v2,2,BiorxivClusteringP2P,29988,0.2409533071277808,"[0.23828229010481755, 0.24186559557917098, 0.24914646689447026, 0.24041144592253225, 0.22024499642684725, 0.2393165148403161, 0.24120627041741788, 0.24682466006863513, 0.23766214029671526, 0.2545726907268852]"
mst,0,all-MiniLM-L12-v2,3,BiorxivClusteringP2P,39950,0.3046814289543304,"[0.29265001094263693, 0.31126316700099965, 0.2962744079056316, 0.31252627230322666, 0.28947320061603166, 0.3201298755340631, 0.29887782042206185, 0.3160709606593274, 0.28815056640443754, 0.321398007754888]"
mst,0,all-MiniLM-L12-v2,6,BiorxivClusteringP2P,69906,0.33444657900484764,"[0.30558996372190733, 0.3508961382002859, 0.32953677893477795, 0.3266685469924677, 0.3050827082477061, 0.35236070453791185, 0.3325511959228519, 0.3398224352327529, 0.35353577196608116, 0.34842154629173333]"
mst,0,all-MiniLM-L12-v2,8,BiorxivClusteringP2P,89838,0.3416843776219392,"[0.34355329077025726, 0.3428834037398451, 0.31789867873900435, 0.3346745691156693, 0.3386665051062255, 0.3465991084340233, 0.33569384356399623, 0.35585599155846626, 0.3469166354160302, 0.35410174977587433]"
mst,0,all-MiniLM-L12-v2,10,BiorxivClusteringP2P,109770,0.33986986001801983,"[0.3349583051466717, 0.356781541524466, 0.3352460453059957, 0.3382029757862367, 0.33856419622495665, 0.3434936550292939, 0.33735621172895286, 0.3395912658186734, 0.3315407308997444, 0.34296367271520733]"
mst,0,all-MiniLM-L12-v2,15,BiorxivClusteringP2P,159490,0.343421485255165,"[0.3442509254878261, 0.34260990568275784, 0.34333126642876677, 0.3210008256776085, 0.3283094245465264, 0.35650304048450615, 0.3283153347598055, 0.3678591642887365, 0.33994267722589366, 0.36209228796922277]"
mst,0,all-MiniLM-L12-v2,20,BiorxivClusteringP2P,209118,0.34814490249794905,"[0.3406177763240222, 0.35907097262355847, 0.3521131598743474, 0.33703485467276934, 0.34577768398583314, 0.34298858647019903, 0.3332423308006755, 0.36641450023223504, 0.3446336886945412, 0.35955547130130905]"
mst,0,all-MiniLM-L12-v2,1,ArxivClusteringS2S,99992,0.08217332430392175,"[0.004723079932215158, 0.0038469720299900904, 0.003992055359194855, 0.0034311650152885694, 0.004261612484628341, 0.0040283290580523075, 0.004599577392283449, 0.004902915213433549, 0.0037410201470625855, 0.0031105331698700685, 0.12911042583186866, 0.1274498028714414, 0.12651681936484133, 0.12797340320239164, 0.12755065128681362, 0.12572576394227852, 0.12932274215816744, 0.1261348557523448, 0.12779338409137528, 0.12330668031901205, 0.08109132916079172, 0.00997054172340191, 0.05089834976837151, 0.006634438717063441, 0.02080329820000193, 0.027393087297429182, 0.013422495009871596, 0.006307272205333151, 0.009266912245098994, 1.0, 0.010063540471657303]"
mst,0,all-MiniLM-L12-v2,2,ArxivClusteringS2S,149984,0.31312875780372884,"[0.32991299744113795, 0.3242986524362887, 0.2967350467544881, 0.31855949055621857, 0.3304625664279529, 0.3281157982691917, 0.3319475208317804, 0.31360647632854116, 0.3171538109184542, 0.32821268502515943, 0.34409926356581516, 0.3496001162339498, 0.3444151957246185, 0.34956032606392523, 0.35406509460783137, 0.35047299424852607, 0.35576734881779104, 0.36209608785647707, 0.3514012477835049, 0.3432814507213844, 0.3183558925008534, 0.12047718946062981, 0.2334381221209568, 0.2941289343391073, 0.2146442185325932, 0.1319935489845691, 0.17661283838792136, 0.12202604074870285, 0.21140534241553066, 1.0, 0.16014519381169437]"
mst,0,all-MiniLM-L12-v2,3,ArxivClusteringS2S,199968,0.3634907821115064,"[0.37228399035059206, 0.3645832652934405, 0.3819338762871616, 0.38664833065013743, 0.36172364308207605, 0.37821957997556954, 0.3664478335184462, 0.37978497934509625, 0.3799877183049626, 0.3901364668762614, 0.4007532467996378, 0.3944168259664858, 0.40183988415489524, 0.3958819978959681, 0.39990052627175315, 0.3969557505660006, 0.3932005250310828, 0.38286780588922326, 0.4017772140081768, 0.39546282072517386, 0.36876411994655683, 0.2105640325389427, 0.2884005339781849, 0.3652374882656077, 0.26049415312386465, 0.17731628082170425, 0.2532280759599311, 0.17581487132026055, 0.24139528662312681, 1.0, 0.20219312188637678]"
mst,0,all-MiniLM-L12-v2,6,ArxivClusteringS2S,349900,0.3804640627735869,"[0.4104645899532663, 0.4104478359581143, 0.3976551624611006, 0.41042506054306727, 0.39474862554007445, 0.35743379214592913, 0.3721049806604549, 0.40319943682701737, 0.40493474411152075, 0.4036740152589255, 0.41132572630298764, 0.4076798436737504, 0.42018419254332356, 0.4145627726131882, 0.4155542490867037, 0.41020814968014313, 0.41013593197417336, 0.4254442056699602, 0.41228631827678713, 0.4084065993554428, 0.3974504990577039, 0.19334350677684844, 0.3073304968270041, 0.37353113110781794, 0.2790210496695893, 0.2060761751468519, 0.28036805220346356, 0.1623604688490288, 0.2767180313662832, 1.0, 0.21731030234067228]"
mst,0,all-MiniLM-L12-v2,8,ArxivClusteringS2S,449846,0.3828363689152955,"[0.4086878453613788, 0.4095402313102986, 0.39915999441625893, 0.4069984790810038, 0.37671263035496455, 0.3634904454042855, 0.40126550908285713, 0.39369487702057526, 0.41045542944151375, 0.4064439112761402, 0.42053739639342685, 0.41560253345882214, 0.42861398740223944, 0.41742938236594584, 0.4147889313143666, 0.4202917073541029, 0.4132868352933084, 0.42021496320446916, 0.41640357350032314, 0.4160581663934009, 0.3979181770019794, 0.18617166391133422, 0.3062359208860195, 0.3991829216636377, 0.27659429168659155, 0.20689301504404284, 0.27915261431589183, 0.17118231567984438, 0.25231591623614147, 1.0, 0.23260377051899456]"
mst,0,all-MiniLM-L12-v2,10,ArxivClusteringS2S,549734,0.3819282314791373,"[0.3992350940989943, 0.39256160603291507, 0.4087678710552441, 0.40516636385028526, 0.40581834540367406, 0.4024897705709535, 0.3961953483007922, 0.3976739396195658, 0.4021816179085122, 0.41013229601969425, 0.4187383135358935, 0.41440215447863377, 0.4185650649546709, 0.42818291206593856, 0.4158238765200722, 0.4138962550988613, 0.41777418674849137, 0.4270802176305379, 0.417336879086387, 0.4236155911057849, 0.40548555242177203, 0.16331328398542147, 0.30148950857838025, 0.3693509090349676, 0.25390493820539156, 0.2092158369205723, 0.2684316272742865, 0.17580609337500036, 0.2557482820996658, 1.0, 0.22139143987189774]"
mst,0,all-MiniLM-L12-v2,15,ArxivClusteringS2S,799506,0.3837447220856078,"[0.3894900006145581, 0.3948165433932561, 0.3887680877925776, 0.40725141842659957, 0.39750089166159996, 0.4059091403097402, 0.4010983505644114, 0.39458252446722136, 0.40312617667765427, 0.4059301783772735, 0.42089978209206264, 0.4242506190373112, 0.41770331641442565, 0.4171988038582415, 0.4213237557698762, 0.41700444598039216, 0.4268482828164902, 0.42434462230802156, 0.4161767707056551, 0.42315279644026166, 0.4070206307524756, 0.2064652795792314, 0.313672083428413, 0.3686660348764892, 0.2781501091960723, 0.20870796356078158, 0.2741555109790706, 0.17633553648914846, 0.2589849276181569, 1.0, 0.20655180046637092]"
mst,0,all-MiniLM-L12-v2,20,ArxivClusteringS2S,1049128,0.38005276570209096,"[0.3911365092579906, 0.3909456157118934, 0.4050563201109845, 0.3934390352461392, 0.3729854930340798, 0.39630644576846674, 0.3831223665598171, 0.3867174343242334, 0.3792232521062497, 0.4001414421391014, 0.4259304699130261, 0.42123087485973315, 0.41863367865353157, 0.4178050111175358, 0.42670564860314336, 0.42497041198805613, 0.4247898642392891, 0.4224285042387463, 0.4163979664176061, 0.42220550323121747, 0.4037770012150591, 0.20531650397546627, 0.30683974939554975, 0.36617961250718944, 0.2800840018845211, 0.20015038405224678, 0.25931381412023735, 0.1728564957072295, 0.2524181111587657, 1.0, 0.2145282152277135]"
mst,0,all-MiniLM-L12-v2,1,MedrxivClusteringS2S,9994,0.13268536208127135,"[0.10463270590429852, 0.10269913403847272, 0.1027810215505038, 0.10539855365692277, 0.0973341375129541, 0.16152060653490796, 0.14753114460107672, 0.181226670289415, 0.1628965453607988, 0.16083310136336315]"
mst,0,all-MiniLM-L12-v2,2,MedrxivClusteringS2S,14990,0.23843830795878454,"[0.21363564673643412, 0.20940860483349716, 0.21896721875266068, 0.22350493675059832, 0.2053680817265746, 0.2767648808874212, 0.26156825917418725, 0.24671023221724786, 0.2618795928001529, 0.2665756257090714]"
mst,0,all-MiniLM-L12-v2,3,MedrxivClusteringS2S,19968,0.2770499600105731,"[0.25656123274742415, 0.2553210272850266, 0.2673927689371631, 0.2726910680822173, 0.2660400907160584, 0.2890907125178911, 0.28718793215380484, 0.2869615819749551, 0.29650200970447765, 0.2927511759867128]"
mst,0,all-MiniLM-L12-v2,6,MedrxivClusteringS2S,34906,0.3002091209074337,"[0.2912642515519362, 0.2896829159210889, 0.2661572309377815, 0.2833923897955788, 0.28545547776103175, 0.331216959074474, 0.3147363625610617, 0.31276219319207166, 0.32111815114606707, 0.30630527713324507]"
mst,0,all-MiniLM-L12-v2,8,MedrxivClusteringS2S,44852,0.30730350330092077,"[0.2900477527071723, 0.2816899336115745, 0.2897418805159749, 0.2871727188068085, 0.30062193038270946, 0.3287351371094575, 0.33199116394660105, 0.3314741236048585, 0.32486525453821397, 0.3066951377858369]"
mst,0,all-MiniLM-L12-v2,10,MedrxivClusteringS2S,54754,0.3059580001948497,"[0.2966470053600877, 0.29768249823698206, 0.29183157568894613, 0.29613795362563305, 0.29457436670542597, 0.3211672285079041, 0.31477915115633887, 0.3281961677775569, 0.31684493109278106, 0.3017191237968407]"
mst,0,all-MiniLM-L12-v2,15,MedrxivClusteringS2S,79492,0.31286900252129773,"[0.2989048551686516, 0.2931048517928746, 0.29605403105766753, 0.3021829463167462, 0.2960816645132233, 0.33285219191381743, 0.333324933025346, 0.34324464829746804, 0.32097344693644875, 0.3119664561907338]"
mst,0,all-MiniLM-L12-v2,20,MedrxivClusteringS2S,104124,0.312789875413927,"[0.30302055668900707, 0.29087684994263413, 0.30218055971724206, 0.29278438051669886, 0.3007255917611524, 0.33818039807850375, 0.3240606693004419, 0.33679684012136085, 0.3176313185608794, 0.321641589451349]"
mst,0,all-MiniLM-L12-v2,1,StackExchangeClusteringP2P,19990,0.28681904665137364,"[0.2633922013032561, 0.25625489395206485, 0.2625809771617631, 0.25235999652209284, 0.25992148101769147, 0.3218090993405158, 0.3118355527573572, 0.30731977701866675, 0.3203825247999703, 0.3123339626403582]"
mst,0,all-MiniLM-L12-v2,2,StackExchangeClusteringP2P,29982,0.32808829330626205,"[0.3094158325443477, 0.3064671928040494, 0.30346197316600715, 0.30525148212441217, 0.3051236306687429, 0.3626270103861739, 0.3446690715232601, 0.3479858358154109, 0.3531095653840328, 0.3427713386461834]"
mst,0,all-MiniLM-L12-v2,3,StackExchangeClusteringP2P,39974,0.33795199066646353,"[0.32255261033316524, 0.32124271552573014, 0.320175049992006, 0.31457783530849676, 0.3164950755165272, 0.3709739692016325, 0.35033261957336176, 0.3514846968594594, 0.36090100874139686, 0.3507843256128598]"
mst,0,all-MiniLM-L12-v2,6,StackExchangeClusteringP2P,69896,0.34815178479688436,"[0.33072552916707537, 0.3308780341092045, 0.33107309872423785, 0.3269553108740906, 0.3309767558130193, 0.37499184085011544, 0.3609052395470726, 0.3618242068830446, 0.3688821386877566, 0.36430569331322676]"
mst,0,all-MiniLM-L12-v2,8,StackExchangeClusteringP2P,89848,0.35090491744513014,"[0.3361964324689401, 0.33361155089697564, 0.33483430626465543, 0.3234547200283067, 0.334293015345972, 0.3802641196244896, 0.3554624053128431, 0.37041783441769066, 0.37632267485461185, 0.3641921152368164]"
mst,0,all-MiniLM-L12-v2,10,StackExchangeClusteringP2P,109756,0.3516607474566626,"[0.3387589857965147, 0.3338967127519778, 0.333170493365034, 0.32587898187020814, 0.331342074480589, 0.3784999399594811, 0.3652376064294065, 0.3671070191835934, 0.37321999794448596, 0.369495662785335]"
mst,0,all-MiniLM-L12-v2,15,StackExchangeClusteringP2P,159476,0.35349486184867385,"[0.3391265832087038, 0.3388222434912849, 0.33483132335588434, 0.3295107539086755, 0.3341091383139885, 0.37937836438971445, 0.36561403637459455, 0.3704351605052111, 0.37427626306394607, 0.3688447518747344]"
mst,0,all-MiniLM-L12-v2,20,StackExchangeClusteringP2P,209132,0.3544801263605978,"[0.3442304352306826, 0.3386378386089419, 0.3388664765377945, 0.3318748003549704, 0.33719712902321464, 0.3813288774460033, 0.36383001111658736, 0.3689338583583142, 0.3734727629978389, 0.36642907393162977]"
base,0,all-MiniLM-L6-v2,1,TwentyNewsgroupsClustering,21816,0.30880929853591577,"[0.3483506170654766, 0.3257796707589517, 0.3254051452312454, 0.3160238079185214, 0.3068961310208014, 0.29060937304160855, 0.2890304111289042, 0.3107620975530725, 0.28438316311064205, 0.2908525685299338]"
base,0,all-MiniLM-L6-v2,2,TwentyNewsgroupsClustering,43628,0.39882580262524686,"[0.4314213950644316, 0.41112885530733884, 0.39718923130178896, 0.37409828706920195, 0.4065029445660679, 0.3934901180192182, 0.3866277809725718, 0.419544124358259, 0.3906388405613889, 0.3776164490322016]"
base,0,all-MiniLM-L6-v2,3,TwentyNewsgroupsClustering,65436,0.41622536040503944,"[0.4406249031412382, 0.3931470261523834, 0.429331591394736, 0.39002096872221026, 0.45286513399233524, 0.4453161057443128, 0.39073564005776434, 0.3956412130503864, 0.42157230399895435, 0.40299871779607344]"
base,0,all-MiniLM-L6-v2,6,TwentyNewsgroupsClustering,130836,0.4319545038333404,"[0.461170964272079, 0.43578793834078816, 0.44335761978759136, 0.4064040607127394, 0.3736505408985645, 0.42773534203604285, 0.4587410682226741, 0.4209209083044376, 0.446912302896471, 0.44486429286201584]"
base,0,all-MiniLM-L6-v2,8,TwentyNewsgroupsClustering,174416,0.44477013912736363,"[0.44193982682999894, 0.4529040038845652, 0.44545248800716125, 0.4609995125967439, 0.46265290853404756, 0.44795188487956605, 0.44010971662852305, 0.45105811332216733, 0.42832425782921546, 0.4163086787616464]"
base,0,all-MiniLM-L6-v2,10,TwentyNewsgroupsClustering,217980,0.4428781818365476,"[0.455198946191411, 0.46595556290484164, 0.45314173854659034, 0.479643333242173, 0.3922776508804868, 0.4306688985017891, 0.44007808644285545, 0.4032140921423337, 0.44266784144650556, 0.4659356680664892]"
base,0,all-MiniLM-L6-v2,15,TwentyNewsgroupsClustering,326820,0.4494458844875046,"[0.48067314006338285, 0.4434453043000844, 0.4792361399225831, 0.4720629976390996, 0.45761104964438604, 0.4608830755302977, 0.43465717634866813, 0.4169075175796232, 0.43511245769508017, 0.41386998615184095]"
base,0,all-MiniLM-L6-v2,20,TwentyNewsgroupsClustering,435560,0.4599228942473692,"[0.4566373150890058, 0.46706485232489664, 0.4665303151590971, 0.46229168206129534, 0.4809422460976946, 0.4665284453298308, 0.47296798098195636, 0.4556156270847209, 0.40309152202532833, 0.46755895631986677]"
base,0,all-MiniLM-L6-v2,1,ArxivClusteringP2P,49998,0.3542003276341333,"[0.3442242896668678, 0.3029753621985878, 0.31814245120065654, 0.3149337966550391, 0.3173581436643392, 0.3374188055699049, 0.32400155192700125, 0.31640055357838376, 0.29828920002914894, 0.32760494467534057, 0.43611491242345196, 0.4345836624615865, 0.4446358733100812, 0.4292128751400103, 0.4482521763558653, 0.4431040144308685, 0.4369947452257071, 0.45358675608194393, 0.4341405560411218, 0.4387536374570983, 0.39525797655189204, 0.16285703173646127, 0.32707891720183435, 0.300473680077775, 0.24808190689870535, 0.17025349095321046, 0.24843113309757398, 0.13071533735158583, 0.19082010917250905, 1.0, 0.20551226552357935]"
base,0,all-MiniLM-L6-v2,2,ArxivClusteringP2P,99992,0.4433012354729482,"[0.4647736390931568, 0.46683320315375904, 0.439768276268766, 0.465571531879342, 0.455920699088054, 0.44155252465087513, 0.4625603920530658, 0.4858720481909889, 0.4652885194719347, 0.46265631327255313, 0.4957288014974835, 0.49380273055174895, 0.4923199613399119, 0.49412442363616516, 0.49215820505757363, 0.5001919686168693, 0.4981194694559504, 0.49285142083595235, 0.4929875372325118, 0.49274538154505115, 0.4639756085167259, 0.23599589594024484, 0.41068664649399783, 0.41359966015926264, 0.3262519083358209, 0.2254766697097275, 0.2923922388393892, 0.2259679498115407, 0.3113778656102107, 1.0, 0.28078680935275974]"
base,0,all-MiniLM-L6-v2,3,ArxivClusteringP2P,149982,0.4537980692007305,"[0.4610071764131536, 0.48257884415235824, 0.4592031466784651, 0.502693739999684, 0.46586292159276654, 0.4821913932416248, 0.45950527908357147, 0.4898829169419925, 0.47929576975218524, 0.46120556931570283, 0.5072607628701447, 0.5134959763906669, 0.5057839022359587, 0.5087923887137681, 0.511926471242714, 0.504330996216371, 0.5075214861538387, 0.5110434217997436, 0.5019891586210451, 0.5063686051952112, 0.4718881024719981, 0.2695262740810102, 0.41224649963759613, 0.42415919406338515, 0.3317268942445315, 0.23882281005670222, 0.2937228046428411, 0.23587756222931303, 0.2930373388838424, 1.0, 0.2747927383004611]"
base,0,all-MiniLM-L6-v2,6,ArxivClusteringP2P,299928,0.46191816468062064,"[0.48389549460626646, 0.48664366606596887, 0.46361074135587443, 0.48403513110253416, 0.484965219771405, 0.48432801277072046, 0.4825435884286152, 0.49580970087922466, 0.4829324362069199, 0.4926576193973149, 0.5183174554459192, 0.5221349332276621, 0.5137686602704716, 0.511519289735019, 0.5161840555980243, 0.5184509124287702, 0.5230665540963068, 0.5160228560090905, 0.5135880664868566, 0.5189305148182733, 0.4887213291699825, 0.2756112669084354, 0.42483695692447043, 0.40761379705149436, 0.34392287251423925, 0.25130974855949806, 0.3036321148982624, 0.23169892723403318, 0.3009336361682519, 1.0, 0.2777775469693367]"
base,0,all-MiniLM-L6-v2,8,ArxivClusteringP2P,399872,0.4564906395590564,"[0.4842111695738724, 0.5018708151060567, 0.46149850192045294, 0.49310964869991075, 0.4625938258163528, 0.4700100189702799, 0.4543962936457978, 0.48889425728715763, 0.47476632518176626, 0.491882158600765, 0.5113507609104001, 0.512063473214752, 0.5210932829184267, 0.5112797917088604, 0.5226213786667888, 0.5167263120355238, 0.5157361208556683, 0.521077331015247, 0.5141972313312765, 0.5187667024283367, 0.4819793534493532, 0.18949319501355955, 0.43677245902991885, 0.4135175571282018, 0.34118657098792493, 0.25998507814114435, 0.26534205420218354, 0.23102627066693343, 0.30426364505897396, 1.0, 0.2794982427648634]"
base,0,all-MiniLM-L6-v2,10,ArxivClusteringP2P,499800,0.4612893057452265,"[0.4822850648508678, 0.46665495593189166, 0.487152628800277, 0.4668334066733715, 0.4836222982440873, 0.4908078322952302, 0.4837626463335201, 0.5029653991099197, 0.4844281537514347, 0.47687395589559933, 0.5199181733925294, 0.5182750091043955, 0.5231054329167322, 0.5141041882477203, 0.5230294543267917, 0.5201074673253283, 0.5194565056574263, 0.5232540474378455, 0.5170416331883657, 0.5178540336454913, 0.47574053252635085, 0.24377440284963453, 0.42658804960514407, 0.4201646246756406, 0.3334545429778714, 0.2576206291629095, 0.302864627691894, 0.22938541712216431, 0.31194243240115693, 1.0, 0.27690093196042515]"
base,0,all-MiniLM-L6-v2,15,ArxivClusteringP2P,749550,0.4602524167791086,"[0.47867227026732884, 0.46915509903861147, 0.4761121501406233, 0.4614552960627931, 0.49300055454690583, 0.4963687878885244, 0.4750067844876032, 0.4983916214920909, 0.475591158156273, 0.4996383513944945, 0.522770698478366, 0.5172355149733949, 0.5164864116385316, 0.5210919259489496, 0.5216517556793353, 0.5183524104395208, 0.5204682016320212, 0.5206913888908741, 0.5138173726698273, 0.5174437235620051, 0.488161852689822, 0.24281684463129716, 0.44035583231669473, 0.4189923597502744, 0.32929293556978473, 0.2541884310634332, 0.2731562791553636, 0.22515207643069404, 0.30656401203222833, 1.0, 0.27574281912470144]"
base,0,all-MiniLM-L6-v2,20,ArxivClusteringP2P,999200,0.46202633353614503,"[0.47916827906086784, 0.48975434708859955, 0.48186435510365644, 0.485710747048938, 0.4883133933901437, 0.479921619743662, 0.4910930821394831, 0.49942196921763893, 0.49910566624016806, 0.4932725704224473, 0.5211359043314746, 0.5164861309022647, 0.5224987309715008, 0.516525549401188, 0.5175985772918883, 0.5261647543804253, 0.5229466049598537, 0.527848180556816, 0.5185779400959789, 0.5179241518148797, 0.48731202463559975, 0.23980277261520214, 0.43571360727367464, 0.41508286262392075, 0.3187704879655447, 0.24747194012448934, 0.26557956111170344, 0.2269077303923536, 0.3058459542300106, 1.0, 0.28499684448612367]"
base,0,all-MiniLM-L6-v2,1,RedditClusteringP2P,124520,0.45418009155754646,"[0.5162866949819769, 0.4759814618486632, 0.5244705534006371, 0.2685572399500922, 0.45915366504790617, 0.414146945588739, 0.32778256753110324, 0.548564144297599, 0.4855378646664813, 0.5213197782622663]"
base,0,all-MiniLM-L6-v2,2,RedditClusteringP2P,249036,0.632274741678365,"[0.5816002125945187, 0.6388607704356678, 0.5723493387704256, 0.5187516152912575, 0.6644739663897704, 0.5481315223866081, 0.5901927547772602, 0.7396895253528568, 0.6800879771068863, 0.7886097336783984]"
base,0,all-MiniLM-L6-v2,3,RedditClusteringP2P,373548,0.6450334015518733,"[0.5938915212466086, 0.6563211612140264, 0.5689017853458963, 0.4880241630071016, 0.6708807903556292, 0.5406850634008599, 0.7133523824773675, 0.7481154586414341, 0.6885589414370963, 0.7816027483927125]"
base,0,all-MiniLM-L6-v2,6,RedditClusteringP2P,747060,0.6365087972506468,"[0.6025858443339509, 0.6547228779155746, 0.6023596939298723, 0.4933411477415077, 0.6784889751985133, 0.5500945174403109, 0.6232521914870093, 0.7406327835313801, 0.6708466531794837, 0.7487632877488651]"
base,0,all-MiniLM-L6-v2,8,RedditClusteringP2P,996048,0.6166711828135116,"[0.5823066604426079, 0.6404270385324932, 0.5761681693057582, 0.4872550111052053, 0.6799388819262296, 0.5491234042867407, 0.49999042672434885, 0.7440796811401832, 0.6608534231038006, 0.7465691315677485]"
base,0,all-MiniLM-L6-v2,10,RedditClusteringP2P,1245020,0.6132864253706847,"[0.5828422251808398, 0.645940064315277, 0.5576801414906779, 0.48135614034531027, 0.6614273429168349, 0.5423908798870172, 0.5098989848781137, 0.742481761391904, 0.6592937931152537, 0.7495529201856189]"
base,0,all-MiniLM-L6-v2,15,RedditClusteringP2P,1867380,0.6022353812521555,"[0.5752953872174229, 0.6258496537924103, 0.5821751404666548, 0.48475187193059255, 0.664787767476229, 0.5317349501518508, 0.48642029821217314, 0.7121980701507742, 0.6380632770988238, 0.7210773960246226]"
base,0,all-MiniLM-L6-v2,20,RedditClusteringP2P,2489640,0.5999794134325944,"[0.5731482636655261, 0.6262260722209972, 0.5635231224793443, 0.49285954389323944, 0.6502164982198563, 0.5324840155242334, 0.49487282138785876, 0.7081929861118919, 0.6272635308016119, 0.731007280021386]"
base,0,all-MiniLM-L6-v2,1,RedditClustering,50718,0.3182138023679822,"[0.3054286314248369, 0.3656810831301342, 0.2894367546826445, 0.2999406372419721, 0.3148186867584892, 0.2925953000141036, 0.32574988868389987, 0.2948694910154976, 0.29870167396367114, 0.2927454382973806, 0.3244200757264432, 0.3311313533951479, 0.25603783882129, 0.35066991737154857, 0.3213507730171564, 0.3227159889629216, 0.3275620955947461, 0.4209994050451153, 0.31441680264081023, 0.3244145063507743, 0.28150872423081436, 0.2995132933711685, 0.37196320098499547, 0.32952348507862317, 0.29915001339536895]"
base,0,all-MiniLM-L6-v2,2,RedditClustering,101432,0.48282765169545483,"[0.5540092445256809, 0.5697952411963286, 0.4373375810626146, 0.4354748380243667, 0.4573365027430315, 0.46635143002691365, 0.5023645781474191, 0.4300288420975762, 0.46117512586515724, 0.4442684779609333, 0.4484591928596326, 0.5604219638888396, 0.48030367080264363, 0.47414316778004045, 0.5963467436001567, 0.44723491252291514, 0.49784403256793563, 0.5725865024210778, 0.4381230512555734, 0.4466371295163854, 0.4365783337449598, 0.44808106437755235, 0.5467966429803095, 0.47244073750177545, 0.4465522849165515]"
base,0,all-MiniLM-L6-v2,3,RedditClustering,152142,0.5073836259865332,"[0.5701095220695866, 0.5859274120662247, 0.4484685983925212, 0.4767937737622789, 0.5004523177395607, 0.48244044083591414, 0.5290684320971406, 0.4490767639067603, 0.454924053388525, 0.4634697099000081, 0.47688145164890144, 0.5956809684462947, 0.4963055680110003, 0.5006470856859497, 0.5716296766904938, 0.4750811973485689, 0.5158882719512413, 0.6064803626250824, 0.4867282718732513, 0.4680519421744253, 0.46648537800217615, 0.48773347236324865, 0.6222056252664178, 0.5025606953134207, 0.4514996581043355]"
base,0,all-MiniLM-L6-v2,6,RedditClustering,304248,0.5290742593482156,"[0.5761009060116373, 0.5964106225968013, 0.45487865876088013, 0.4798696060531269, 0.5332832983739073, 0.5203285306804312, 0.5517835472276419, 0.45955512666620635, 0.4861870396123906, 0.4861312104063635, 0.4774438232949561, 0.6057085903938733, 0.5334097058159131, 0.5277061809006441, 0.6241223587318518, 0.4984230231984108, 0.5603406132449865, 0.6229754898419306, 0.498112882582974, 0.49276513566561037, 0.48982727561221356, 0.5060453239224365, 0.6242031898803665, 0.5348305335147775, 0.48641381071506024]"
base,0,all-MiniLM-L6-v2,8,RedditClustering,405632,0.5345989559498975,"[0.5866387134524269, 0.6090707821335081, 0.4902680508735449, 0.5103792375794658, 0.5060332332679718, 0.5196649500139663, 0.5690553647691263, 0.4750372612349928, 0.5111793672751505, 0.49559643208118853, 0.4849166936413224, 0.5791929267563064, 0.5197469490964026, 0.5329651067315916, 0.632700976905522, 0.5020840355362688, 0.5505522927682734, 0.6232495273233816, 0.4983445191827305, 0.5004166381616897, 0.4915284173666851, 0.51332633339908, 0.6527470983076342, 0.5259179980651769, 0.4843609928240299]"
base,0,all-MiniLM-L6-v2,10,RedditClustering,507000,0.5372640146547046,"[0.5792907286063336, 0.6000611363494556, 0.48281614857124594, 0.49845831446865796, 0.525079987605184, 0.5007655542994263, 0.5710555635684645, 0.4996811490395252, 0.5048962992199213, 0.5008913416342213, 0.49626332994450656, 0.5831115031371256, 0.516255160353485, 0.5462425157556392, 0.6498598169858937, 0.49367280265438584, 0.5624910192008563, 0.6376796930218367, 0.5165822103006404, 0.5044474261562789, 0.49360281920849547, 0.5123169255883574, 0.6535879391743709, 0.524997814854688, 0.4774931666686202]"
base,0,all-MiniLM-L6-v2,15,RedditClustering,760350,0.5382491065482041,"[0.6035864736603545, 0.6023918955004958, 0.48940504437291943, 0.4964600823599462, 0.5235984685735002, 0.5179696522721726, 0.548816797576395, 0.49270356680658217, 0.5094642360255315, 0.49344264585984055, 0.503377870535054, 0.5776792344776764, 0.529146951939082, 0.5466847125235469, 0.6660180103139254, 0.5057108992027634, 0.5523278556699033, 0.6024119897393786, 0.49816300952147125, 0.49858365014811673, 0.5040752699721279, 0.506148502216661, 0.640720368402793, 0.5431589290233825, 0.504181547011483]"
base,0,all-MiniLM-L6-v2,20,RedditClustering,1013600,0.5355165301132223,"[0.5887213768770911, 0.6210820894016917, 0.4813465375568142, 0.516856442079875, 0.5309742147237717, 0.515515494092733, 0.5471137321637912, 0.4922649757656271, 0.5151351652327131, 0.5022160673765428, 0.4956159893361755, 0.5399285029701276, 0.5067996389422615, 0.5399134991696203, 0.6463911255744588, 0.4983414380013931, 0.5414430865635801, 0.5758117797825749, 0.5153033683113077, 0.503328112240315, 0.5033405446187795, 0.5156628591071468, 0.6488382262003612, 0.5426452876755309, 0.5033236990662745]"
base,0,all-MiniLM-L6-v2,1,BiorxivClusteringS2S,9998,0.17895285628661967,"[0.1735396787244544, 0.16160086849541785, 0.15420263899766104, 0.17431808362682208, 0.1806764750018336, 0.1865593103339955, 0.19626625362825567, 0.19137258374281285, 0.18308138118510917, 0.18791128912983435]"
base,0,all-MiniLM-L6-v2,2,BiorxivClusteringS2S,19992,0.2746683163674991,"[0.26990713491676543, 0.27665452074282393, 0.278652757705995, 0.2842941215128803, 0.2777939903497415, 0.26793675615270807, 0.27599302333749975, 0.2726935911239914, 0.2689004020638281, 0.2738568657687579]"
base,0,all-MiniLM-L6-v2,3,BiorxivClusteringS2S,29982,0.29174305779572735,"[0.299022447760484, 0.28801703612776536, 0.28891058768263345, 0.27944451553853733, 0.28909237236959134, 0.29030237932490677, 0.29637491704072483, 0.29451909330819115, 0.2965440609001179, 0.29520316790432155]"
base,0,all-MiniLM-L6-v2,6,BiorxivClusteringS2S,59928,0.2982912338546259,"[0.28750839821711377, 0.29518773005693494, 0.29436847790201415, 0.2815069227342298, 0.304440364293264, 0.3133581407512788, 0.30453835299049087, 0.29874940152384155, 0.300248330122392, 0.30300621995469934]"
base,0,all-MiniLM-L6-v2,8,BiorxivClusteringS2S,79872,0.3046356211936395,"[0.3122948896870177, 0.3063249910351045, 0.29971024871189306, 0.30041691992967384, 0.3096440621937982, 0.3052017457401344, 0.29455455606424646, 0.3075673555276359, 0.29872851583120325, 0.31191292721568825]"
base,0,all-MiniLM-L6-v2,10,BiorxivClusteringS2S,99800,0.3026888793490671,"[0.30457055631903784, 0.30720865415302917, 0.29645500204659503, 0.3009306800628615, 0.28513504888645386, 0.3049856970539358, 0.303801019439157, 0.30264965621288376, 0.30229297514178105, 0.31885950417493597]"
base,0,all-MiniLM-L6-v2,15,BiorxivClusteringS2S,149550,0.30389051464440253,"[0.29615414687949443, 0.31065963095288834, 0.30042104560827515, 0.2960753966627693, 0.29550439499719916, 0.3025652044184877, 0.31255917396713623, 0.31455162634529993, 0.2959314256777847, 0.3144831009346906]"
base,0,all-MiniLM-L6-v2,20,BiorxivClusteringS2S,199200,0.30934863330485396,"[0.30311789756931135, 0.3097680591022496, 0.30892781468879965, 0.2964244076709254, 0.30405154570218085, 0.30980614943719975, 0.31758386043459896, 0.3168337763342478, 0.309045746178569, 0.317927075930457]"
base,0,all-MiniLM-L6-v2,1,MedrxivClusteringP2P,4998,0.27722557581756113,"[0.24819475761781232, 0.2707722978287677, 0.25995948209250874, 0.2588193046826338, 0.2582806473964976, 0.2999353790556631, 0.29301704052931427, 0.30086714080445975, 0.2854116875737538, 0.2969980205941999]"
base,0,all-MiniLM-L6-v2,2,MedrxivClusteringP2P,9992,0.30835663655505885,"[0.2976390765562502, 0.28970381744918405, 0.29711393021588456, 0.2942111531397284, 0.29005158212801335, 0.3263262527978985, 0.3233539849032136, 0.33080177022154716, 0.3185823179911418, 0.31578248014772653]"
base,0,all-MiniLM-L6-v2,3,MedrxivClusteringP2P,14982,0.31423303186411466,"[0.30756033517178305, 0.2981138071324342, 0.31725793336890357, 0.2958489167435551, 0.29067201931797576, 0.3322180226811563, 0.3258780861870417, 0.33306735535404375, 0.32082213405386617, 0.32089170863038685]"
base,0,all-MiniLM-L6-v2,6,MedrxivClusteringP2P,29928,0.32249951973433216,"[0.3203128108751516, 0.31197029575438445, 0.3053766529226985, 0.3014127753012612, 0.3081738304112337, 0.3380040011600848, 0.3382492459252691, 0.339827920773046, 0.3324934718311535, 0.3291741923890387]"
base,0,all-MiniLM-L6-v2,8,MedrxivClusteringP2P,39872,0.3260648311990903,"[0.30479625018323075, 0.32046953431410924, 0.3086808984009947, 0.3152155697323862, 0.3150094558476963, 0.3387208313078847, 0.34172250024626327, 0.3397707885290896, 0.3345603450771805, 0.3417021383520677]"
base,0,all-MiniLM-L6-v2,10,MedrxivClusteringP2P,49800,0.3271399418719868,"[0.3172991566019237, 0.32503976654887984, 0.31929949929616247, 0.31322831052388067, 0.31804607140425106, 0.3329745627481296, 0.33539565447257363, 0.34057416754279507, 0.3320719626495536, 0.3374702669317185]"
base,0,all-MiniLM-L6-v2,15,MedrxivClusteringP2P,74550,0.3272844807231273,"[0.3150261606568465, 0.3172720232671598, 0.3190523050206094, 0.31542359319307584, 0.3146891002408186, 0.32906583052543587, 0.34887522017088524, 0.3545614262273107, 0.32567676497772435, 0.3332023829514064]"
base,0,all-MiniLM-L6-v2,20,MedrxivClusteringP2P,99200,0.3320405411987646,"[0.3161145378628564, 0.32319657936944834, 0.318331070718997, 0.3169131757836611, 0.32165901061954055, 0.3446498506719737, 0.34665835303227927, 0.35572134970488506, 0.3362560907575666, 0.3409053934664379]"
base,0,all-MiniLM-L6-v2,1,BiorxivClusteringP2P,9998,0.23518989246431338,"[0.22532848257933638, 0.2113213163687438, 0.23322435231643904, 0.2180710199031129, 0.23942534010663763, 0.25698930646678103, 0.2509893242254115, 0.2509274196725339, 0.2310057491453045, 0.23461661385883303]"
base,0,all-MiniLM-L6-v2,2,BiorxivClusteringP2P,19992,0.3266260502560662,"[0.3215382358905854, 0.32133866276194445, 0.3324729012749701, 0.3270076174493069, 0.32291069468407, 0.31503513543831496, 0.3421164005246527, 0.33015642976322734, 0.3064763662557982, 0.34720805851779246]"
base,0,all-MiniLM-L6-v2,3,BiorxivClusteringP2P,29982,0.346606377437871,"[0.33895721890512603, 0.3472260318138974, 0.33871833444413524, 0.3409803078556512, 0.342710813732823, 0.349917589116891, 0.36415856309326916, 0.3447755136491762, 0.34157990523908077, 0.3570394965286594]"
base,0,all-MiniLM-L6-v2,6,BiorxivClusteringP2P,59928,0.3607859438209945,"[0.3618604224451226, 0.3722287385012382, 0.35831956470264287, 0.35128551470693414, 0.34527111282385525, 0.35080348807634704, 0.37050224091033584, 0.3865893174175177, 0.34334256096219234, 0.3676564776637589]"
base,0,all-MiniLM-L6-v2,8,BiorxivClusteringP2P,79872,0.35958654551136504,"[0.36531325666193093, 0.3589609493123594, 0.3529027044144829, 0.3494239500911222, 0.35896174482548393, 0.37326520600857627, 0.3469826422634719, 0.3725525115684536, 0.34750256940624175, 0.3699999205615276]"
base,0,all-MiniLM-L6-v2,10,BiorxivClusteringP2P,99800,0.3609626923749576,"[0.34896609507104964, 0.374489094514656, 0.34117065398414487, 0.3519596944743486, 0.360268088134252, 0.3608117126115034, 0.3654290450278959, 0.38304148751436495, 0.36367110049483564, 0.35981995192252497]"
base,0,all-MiniLM-L6-v2,15,BiorxivClusteringP2P,149550,0.3674923609541394,"[0.36438531652281025, 0.37128625637137175, 0.36540842821198344, 0.36161960710692576, 0.3676614058478826, 0.36973221040033893, 0.3749913924904603, 0.3769166413392431, 0.36356328964069107, 0.3593590616096869]"
base,0,all-MiniLM-L6-v2,20,BiorxivClusteringP2P,199200,0.36441453177700195,"[0.365963973301587, 0.37837212042967133, 0.3564511749607525, 0.3574519406632025, 0.3717103886527628, 0.3643419175949375, 0.3560792806765572, 0.369304684892134, 0.3642419046268035, 0.36022793197161107]"
base,0,all-MiniLM-L6-v2,1,ArxivClusteringS2S,49998,0.25115492176496496,"[0.18862648592455314, 0.1420262555500041, 0.15776888734886882, 0.19500250246814152, 0.1624484420727128, 0.16840096502831378, 0.1563271079669069, 0.15939947975104815, 0.221671361915994, 0.1624253350286902, 0.3391872142656286, 0.3347364318253527, 0.34035518268382836, 0.33549524956823534, 0.3353948894194109, 0.3463968248881503, 0.34808058471374387, 0.3453968320694523, 0.33276813409948985, 0.3389119888591994, 0.28826453808529234, 0.08664185457124268, 0.20671504537259827, 0.24839529364727064, 0.1975606020990322, 0.11968907421235418, 0.17827975942980068, 0.08740212610974363, 0.13885461539910784, 1.0, 0.12317951033974607]"
base,0,all-MiniLM-L6-v2,2,ArxivClusteringS2S,99992,0.3661829914299842,"[0.3879381453106484, 0.38211389612748475, 0.3882601294628096, 0.36362925136938584, 0.40041958118762994, 0.3845122253336619, 0.38203345985970794, 0.390579944222294, 0.38121738387986714, 0.4001719927527831, 0.40349119735302336, 0.38466650792131063, 0.38492301878403495, 0.38644842040230243, 0.38203548518591735, 0.39135282021542933, 0.3745055134743845, 0.3790045592248905, 0.383385239813508, 0.38594625461480103, 0.3604680026803492, 0.2291206118079494, 0.2790957115594759, 0.39686295083224865, 0.2450219470000737, 0.19307727600698285, 0.277219670536657, 0.1757522679095579, 0.25002108320170574, 1.0, 0.22839818629863398]"
base,0,all-MiniLM-L6-v2,3,ArxivClusteringS2S,149982,0.3733114884926068,"[0.36624394309056985, 0.3962676456609191, 0.4012971787518906, 0.38457730797444284, 0.39348920410532306, 0.3954753917698417, 0.40300546549900346, 0.39237848587479973, 0.38890316841476846, 0.4027354058650688, 0.40646758854121934, 0.40415657542920375, 0.39231497967408696, 0.40961653905815676, 0.409590040887782, 0.39337082775097354, 0.4148618903336016, 0.39905835366966846, 0.3895235630209418, 0.39921913718559227, 0.38247887963595373, 0.22628596932775522, 0.28211295250285434, 0.3618782458789278, 0.2649389243714093, 0.19680085683938156, 0.2814096894523953, 0.17112223161925058, 0.24640295954387154, 1.0, 0.21667274154115665]"
base,0,all-MiniLM-L6-v2,6,ArxivClusteringS2S,299928,0.3812591349238838,"[0.41144532795859395, 0.39238251837487015, 0.4090016064957251, 0.4041405776368071, 0.37504422636333207, 0.40524202360487876, 0.4008320902204675, 0.40503172523870495, 0.40219094122290105, 0.4143868349855466, 0.4163234882020754, 0.41054830813714693, 0.4098535638135065, 0.4129469606270059, 0.4134647926158117, 0.41861010772872653, 0.4017093419114579, 0.40437431821815695, 0.4083106768218716, 0.41020229691836807, 0.38902884239239677, 0.21515327583633484, 0.29084175999663814, 0.3823416243400205, 0.2849096974309315, 0.20666730908753186, 0.2748569727334341, 0.17413304988370903, 0.2658351193787182, 1.0, 0.20922380446472824]"
base,0,all-MiniLM-L6-v2,8,ArxivClusteringS2S,399872,0.38119437362034164,"[0.3761114004694546, 0.3935934216209615, 0.37939505412318597, 0.38524776554445556, 0.4060739410883274, 0.38654067272692016, 0.4068998058566943, 0.4120624603352513, 0.3996968073473636, 0.4044322586073984, 0.43480345411929705, 0.4201637772956678, 0.4085260821863674, 0.416336878310435, 0.4090283043361281, 0.4117490374069901, 0.41986895716959227, 0.41755544015778423, 0.414544525498354, 0.4052251909094256, 0.3889627390801628, 0.22660893805223034, 0.29637770906115535, 0.3851780763743899, 0.293204256854957, 0.20008952060368418, 0.28255230919694263, 0.16770148345278466, 0.25256319635551905, 1.0, 0.21593211808870977]"
base,0,all-MiniLM-L6-v2,10,ArxivClusteringS2S,499800,0.3827416012948985,"[0.40818228875274926, 0.3979458131648041, 0.4004401777942703, 0.39860956046420437, 0.4000892664198571, 0.40711552653707667, 0.3941816008238249, 0.40615686793414535, 0.4056705003823654, 0.39278362284382695, 0.4116882117409001, 0.41864478817418105, 0.4147759948535924, 0.418372341986323, 0.4130115351366063, 0.4160594198525295, 0.41192228395821523, 0.4244218335254713, 0.41669301682155524, 0.41152304050871674, 0.4038293041250045, 0.21621348172953453, 0.2936218759817584, 0.3794806682793716, 0.27030868922136236, 0.20078545103999484, 0.2882088404830321, 0.1697975973564241, 0.2576058688170004, 1.0, 0.2168501714331539]"
base,0,all-MiniLM-L6-v2,15,ArxivClusteringS2S,749550,0.38075962167899047,"[0.3948796704275594, 0.3761503818927747, 0.4076518456783344, 0.40502875235726177, 0.39035485796614683, 0.4026929514766514, 0.3999528541602803, 0.4048783367139399, 0.40426341469526117, 0.40923009686734846, 0.4203526329056223, 0.4177567406983027, 0.4130104417606946, 0.41684311920162875, 0.41497346094282345, 0.4150994433460805, 0.4196243133435904, 0.4182896343189559, 0.4175046238262222, 0.4211103047092199, 0.39398120134248255, 0.18713853692301094, 0.3007949271718513, 0.37624140126634836, 0.27421197147008314, 0.2063774306588938, 0.25956238328134495, 0.17962255439413083, 0.24342628057827237, 1.0, 0.21254370767358663]"
base,0,all-MiniLM-L6-v2,20,ArxivClusteringS2S,999200,0.3798936856975702,"[0.4003617909089599, 0.3763768191431931, 0.38416210946179025, 0.3941264008385256, 0.4016483505239401, 0.3971598993537344, 0.39471117005142836, 0.4072233327806026, 0.3988147333662032, 0.4059352076222372, 0.43129221112340027, 0.4174045315236278, 0.41530208315140205, 0.4232412513126661, 0.4250618831178654, 0.4189365554349996, 0.42677710522988505, 0.4195922802436946, 0.41856190238255153, 0.4228112812581766, 0.38517610813144626, 0.18762993695770872, 0.3108139565830427, 0.3605289382795791, 0.2693269477568635, 0.19445190505993287, 0.25567243804138357, 0.1707701998362701, 0.24397531000322814, 1.0, 0.21885761714633997]"
base,0,all-MiniLM-L6-v2,1,StackExchangeClustering,39366,0.32641841248955217,"[0.3401431005336413, 0.3274545197471737, 0.2607864607392199, 0.35252814562588064, 0.2380753053396037, 0.3009375004195162, 0.2921660784959638, 0.3920881759520388, 0.3472878696474166, 0.30174978111521183, 0.341364743278997, 0.38549054386151155, 0.4216645609777717, 0.381852432552263, 0.3288764768002998, 0.29828450142162194, 0.3199606097647432, 0.301908293044051, 0.3264827360199988, 0.33484147722994384, 0.3221389259510984, 0.29402014457712666, 0.30619960075638314, 0.3085091037481017, 0.3356492246392266]"
base,0,all-MiniLM-L6-v2,2,StackExchangeClustering,78728,0.5689588808704535,"[0.5889466823683085, 0.5717319357532376, 0.45950876465841484, 0.6138693963958811, 0.544813102346707, 0.5220300827301092, 0.49222344503125215, 0.6835779096623497, 0.5836538858068453, 0.5324175927908021, 0.6526126221091436, 0.6940074293133798, 0.6836788126613871, 0.6685828673337139, 0.5257543026335949, 0.53264685431625, 0.5245660311307067, 0.5766093877577115, 0.543967249308054, 0.5142673630326067, 0.5476254745795766, 0.5034271068499516, 0.5306590333960444, 0.5832065607923288, 0.5495881290029826]"
base,0,all-MiniLM-L6-v2,3,StackExchangeClustering,118086,0.5911000067276505,"[0.6228298126151504, 0.5940480629317193, 0.4957320048063135, 0.6350107650431674, 0.5551905695017018, 0.5420644441531597, 0.5216606791253376, 0.6900306269126357, 0.5904770605485178, 0.5555902964957082, 0.7019771388507408, 0.7415147949705109, 0.7042650596319108, 0.6897262484516594, 0.5333892910979481, 0.5487619518235698, 0.5630238943737677, 0.5759863320775227, 0.553875561908437, 0.5453528686240285, 0.5743810091647598, 0.5202869169897673, 0.5416069385499916, 0.6165749408701097, 0.5641428986731252]"
base,0,all-MiniLM-L6-v2,6,StackExchangeClustering,236136,0.6033884297436528,"[0.6219820852631534, 0.6088795297156082, 0.4866795277862157, 0.6336536638134175, 0.5383527696125894, 0.5777950802933807, 0.5489255711346347, 0.7078601481794536, 0.6097673836345514, 0.5721244787866474, 0.7333323321911965, 0.7179017115974643, 0.7241734925003843, 0.658036653428017, 0.5508027816606086, 0.578624510434627, 0.575152831249808, 0.5944039444623607, 0.567569493345758, 0.5735667522430569, 0.5829847070517596, 0.5467121315998014, 0.5645622725724785, 0.6275871969574504, 0.5832796940768972]"
base,0,all-MiniLM-L6-v2,8,StackExchangeClustering,314816,0.6049443768609365,"[0.627375177539938, 0.5836773247842885, 0.49631220484462274, 0.6318283340424383, 0.5746244464690852, 0.5671057862981023, 0.5619570687210866, 0.7200354357014398, 0.6045815811945219, 0.5672890238222714, 0.710649136986009, 0.7280163572290426, 0.7693805324421922, 0.674808252602662, 0.5542122730103256, 0.5688366587539088, 0.5710717259820771, 0.5969520284940568, 0.558948156576212, 0.5613282860300901, 0.6005705536861018, 0.5430050227385866, 0.5537129381859558, 0.6171343387671637, 0.5801967766212339]"
base,0,all-MiniLM-L6-v2,10,StackExchangeClustering,393480,0.6021181454025628,"[0.6410560622039683, 0.6022027128937837, 0.4980908478764983, 0.6062270310850993, 0.5867513783735473, 0.5692520878959575, 0.5439537597314725, 0.681471747942063, 0.6081592965302417, 0.5764942235604308, 0.6949865066940694, 0.7449099095045979, 0.7568676559976342, 0.6162668129459618, 0.5438993875965741, 0.5814100238629031, 0.5826864790646388, 0.5850496378947913, 0.577052250163189, 0.5567572207438501, 0.5976531760417376, 0.5430167913254825, 0.5546632186214359, 0.6170892252889578, 0.5869861912251841]"
base,0,all-MiniLM-L6-v2,15,StackExchangeClustering,590070,0.5965637390191492,"[0.6242654832891699, 0.6099124313611732, 0.4999679028979284, 0.6171993962619391, 0.5851919231569331, 0.5521212838479331, 0.5513215307768009, 0.7119543419182404, 0.6124062159559704, 0.5558327800688104, 0.6575447028944531, 0.7007245487491135, 0.7229641338206213, 0.6943644630344208, 0.5508403404935767, 0.5597548877487215, 0.567506940650463, 0.5900845015704217, 0.5556497928658656, 0.5451755436013564, 0.585719011445092, 0.5457851379032046, 0.5194349637553765, 0.6169209978950535, 0.5814502195160871]"
base,0,all-MiniLM-L6-v2,20,StackExchangeClustering,786560,0.5965048740882857,"[0.613166310968614, 0.5780200560972913, 0.48079761124290826, 0.6055466803356514, 0.5845979466369435, 0.5564299604839245, 0.5521242310182352, 0.6672955131321228, 0.6011628318005995, 0.5576670897691112, 0.7299142902224938, 0.7364783687005944, 0.7336002095596168, 0.6673341115712275, 0.5389182903976504, 0.5607664427522729, 0.5684468411338659, 0.5864860808443016, 0.5583859553433455, 0.545873047534386, 0.5882238673548533, 0.5503417666141356, 0.5493001892196199, 0.6069441550394863, 0.5948000044338916]"
base,0,all-MiniLM-L6-v2,1,MedrxivClusteringS2S,4998,0.2471052568929037,"[0.2283343198503639, 0.21736207578425093, 0.22474329706926952, 0.22396798278654556, 0.22736951990244245, 0.2836929988071475, 0.2698256884684127, 0.27216282562850214, 0.26522596826953726, 0.2583678923625653]"
base,0,all-MiniLM-L6-v2,2,MedrxivClusteringS2S,9992,0.27512021575632517,"[0.2621912612070926, 0.2659788185328736, 0.2574927604717162, 0.26409046447205614, 0.258782397038806, 0.29000412269761056, 0.27557233209163157, 0.3037903980351289, 0.2788946705758859, 0.29440493244045063]"
base,0,all-MiniLM-L6-v2,3,MedrxivClusteringS2S,14982,0.2873264506576106,"[0.27430572823517685, 0.26779431884178706, 0.2592294963327646, 0.26550471072215476, 0.27483317728671436, 0.29316828140295936, 0.3037020296378713, 0.31435559199065827, 0.30747920024286174, 0.3128919718831575]"
base,0,all-MiniLM-L6-v2,6,MedrxivClusteringS2S,29928,0.2979489239710979,"[0.29136530895519086, 0.27526957809159386, 0.27044072979042105, 0.2896607807680544, 0.283919527858888, 0.33280366190875055, 0.3178052902303594, 0.31039227745105935, 0.3042161366715785, 0.3036159479850831]"
base,0,all-MiniLM-L6-v2,8,MedrxivClusteringS2S,39872,0.3045487447344304,"[0.2944036751355965, 0.29203454882125857, 0.2789395779935432, 0.29939734668169754, 0.30180580563472664, 0.32164455100458833, 0.3185332331061009, 0.32236952098694016, 0.3095348896858605, 0.30682429829399155]"
base,0,all-MiniLM-L6-v2,10,MedrxivClusteringS2S,49800,0.3042482235069407,"[0.29664953107004405, 0.28217909218033266, 0.2889379817815091, 0.29543662687929345, 0.3012101531464486, 0.31189290797858976, 0.3177049593537971, 0.32884270657187914, 0.3044688073265219, 0.3151594687809915]"
base,0,all-MiniLM-L6-v2,15,MedrxivClusteringS2S,74550,0.31179353952719085,"[0.3056712702510549, 0.28789572600847485, 0.3063137139477825, 0.2952291137311243, 0.29696258670442455, 0.32730997605135037, 0.3289050510622157, 0.3336845675706155, 0.3137192948365154, 0.32224409510835034]"
base,0,all-MiniLM-L6-v2,20,MedrxivClusteringS2S,99200,0.312746252947989,"[0.3019332286071957, 0.3001987261104748, 0.28369154626255655, 0.2972378400632977, 0.3011996509955077, 0.3289730740355122, 0.32717150026109143, 0.32872247323000237, 0.33732384452842806, 0.3210106453858236]"
base,0,all-MiniLM-L6-v2,1,StackExchangeClusteringP2P,9998,0.3474688815348649,"[0.3327592055636527, 0.33030669259004064, 0.3262530823279266, 0.32303247388684536, 0.3228446333634486, 0.38172622623944835, 0.3582804054972185, 0.3626890666513927, 0.3680467960361849, 0.3687502331924906]"
base,0,all-MiniLM-L6-v2,2,StackExchangeClusteringP2P,19992,0.34700405295869957,"[0.33330671859294725, 0.32851775954575935, 0.32609242701990715, 0.3262983144672874, 0.3259991460434415, 0.37764386473186295, 0.3580093731419009, 0.3601918392958679, 0.3672382375429866, 0.3667428492050344]"
base,0,all-MiniLM-L6-v2,3,StackExchangeClusteringP2P,29982,0.3501917223391295,"[0.33672567740991893, 0.3303095891607251, 0.33100920145097956, 0.3212882457704746, 0.3268075815862171, 0.37441935795791986, 0.36681897466380764, 0.3711899329483182, 0.3745103055758758, 0.3688383568670583]"
base,0,all-MiniLM-L6-v2,6,StackExchangeClusteringP2P,59928,0.35744812069464077,"[0.34082617829096384, 0.34112639274962325, 0.3400434781537344, 0.33795082860146997, 0.33972561284937214, 0.38186596282096136, 0.372703563032466, 0.37221116502557006, 0.37408957759744965, 0.37393844782479707]"
base,0,all-MiniLM-L6-v2,8,StackExchangeClusteringP2P,79872,0.36108502442807044,"[0.34773775288387454, 0.3487222123773192, 0.341796978095645, 0.34302508987703, 0.3385850725617843, 0.3826740244136081, 0.37487422560935996, 0.37746965009976463, 0.37704691679968955, 0.3789183215626289]"
base,0,all-MiniLM-L6-v2,10,StackExchangeClusteringP2P,99800,0.3613949532513454,"[0.3501644158278878, 0.3488825927796093, 0.345458947408993, 0.33957772813853065, 0.34107952564657645, 0.38700822706710897, 0.36819322461230536, 0.3728809571460964, 0.3800669330717767, 0.3806369808145695]"
base,0,all-MiniLM-L6-v2,15,StackExchangeClusteringP2P,149550,0.3627529994571314,"[0.34815527926136575, 0.35060228271969707, 0.3425812104034585, 0.3389159244131943, 0.3461319298393998, 0.38727636047827557, 0.373272639087073, 0.38085685082444165, 0.37763408402815696, 0.3821034335162514]"
base,0,all-MiniLM-L6-v2,20,StackExchangeClusteringP2P,199200,0.3642067622987793,"[0.34940337756101897, 0.3492481335921732, 0.34972288482866837, 0.3426419847067106, 0.3488164927975855, 0.38936929426071754, 0.37398356102357455, 0.375642845072837, 0.38169297803135277, 0.3815460711131544]"
base,0,bge-base-en-v1.5,1,TwentyNewsgroupsClustering,21816,0.33632041283784164,"[0.3787654123984747, 0.3715803478990243, 0.3462844492717071, 0.32734839649124464, 0.30115507174803907, 0.3109784550599698, 0.3344801214461081, 0.35267143513357907, 0.29765552882460616, 0.34228491010566336]"
base,0,bge-base-en-v1.5,2,TwentyNewsgroupsClustering,43628,0.43735899436176257,"[0.4509977504134177, 0.42364294251566087, 0.43101682791220947, 0.46107861993196786, 0.4427558128312285, 0.46059104244658117, 0.40123609802728494, 0.4383687566766952, 0.39589012666642703, 0.46801196619615276]"
base,0,bge-base-en-v1.5,3,TwentyNewsgroupsClustering,65436,0.43669311687239787,"[0.44579514196843156, 0.4648637136434285, 0.4686752387680757, 0.3908694605786161, 0.476678576918531, 0.4499842531814428, 0.38592942918860773, 0.4124188823053482, 0.43432240989363763, 0.43739406227786043]"
base,0,bge-base-en-v1.5,6,TwentyNewsgroupsClustering,130836,0.4738071831110139,"[0.5114453290302367, 0.48731454240560956, 0.4906571342670399, 0.47517276272210307, 0.4296613633867121, 0.457501689043868, 0.46869529879371746, 0.49190478136405436, 0.44584857013675566, 0.4798703599600427]"
base,0,bge-base-en-v1.5,8,TwentyNewsgroupsClustering,174416,0.4788174585944964,"[0.4768097990645041, 0.49857250897872973, 0.4846066767567313, 0.4844390538439418, 0.48439666485496224, 0.4849885588043901, 0.47834187516885834, 0.45979768974802354, 0.4463991583067156, 0.48982260041810755]"
base,0,bge-base-en-v1.5,10,TwentyNewsgroupsClustering,217980,0.4871395991633191,"[0.5049126159835825, 0.5015902858437932, 0.4810542653597888, 0.5058337995974476, 0.5129129641434338, 0.47251876984345986, 0.4937412355609879, 0.45182943467276376, 0.47266460778294345, 0.4743380128449908]"
base,0,bge-base-en-v1.5,15,TwentyNewsgroupsClustering,326820,0.49858973771199755,"[0.5236848464831205, 0.5018966159990279, 0.509816022471493, 0.4888881013147741, 0.4941214921888563, 0.5087820484476373, 0.49140456459009, 0.5044669256785318, 0.5109147848822799, 0.45192197506416504]"
base,0,bge-base-en-v1.5,20,TwentyNewsgroupsClustering,435560,0.5059820174226475,"[0.5019554432482766, 0.4963549170902711, 0.502964893380458, 0.5230273406815549, 0.5204701313801945, 0.5207432433940186, 0.4917345833315395, 0.4849323138628417, 0.5089090250906474, 0.5087282827666734]"
base,0,bge-base-en-v1.5,1,ArxivClusteringP2P,49998,0.35039042109915963,"[0.3045723109280307, 0.25437047121073736, 0.2687898909971983, 0.28726293629128785, 0.3094391942004633, 0.2913194822532028, 0.3292391502488718, 0.26281400388513393, 0.28982187401457576, 0.2805547857182851, 0.4525274298579325, 0.45901069410045553, 0.449520182799758, 0.4564335695524683, 0.4464375489213376, 0.4526215967440487, 0.4496186393000673, 0.45171824124179316, 0.4450077186071718, 0.44893332970347144, 0.40370513874977043, 0.17613985494039205, 0.3310907804602444, 0.31979378452172924, 0.259642612547298, 0.17921194633747983, 0.2447991277088294, 0.13265040630168728, 0.20571692851227802, 1.0, 0.2193394234179496]"
base,0,bge-base-en-v1.5,2,ArxivClusteringP2P,99992,0.4553422919272558,"[0.481510023675212, 0.4727359045960669, 0.48412788514616484, 0.47665770087946013, 0.48892847755871793, 0.4765941547202438, 0.4829295634747264, 0.47599583250608124, 0.4494138661262088, 0.47799416657597876, 0.5137337123086528, 0.5107012664737932, 0.5107766209084466, 0.5112694113448943, 0.5049750545573924, 0.5102060299555025, 0.5026449145534654, 0.5181387108118714, 0.5006654847465053, 0.5095790512395204, 0.4703005720985485, 0.2566213115910158, 0.4142422094232615, 0.43188195570093607, 0.3330114880499981, 0.23419274366802934, 0.286203954740891, 0.24205614445482834, 0.32191229203911953, 1.0, 0.2656105458193969]"
base,0,bge-base-en-v1.5,3,ArxivClusteringP2P,149982,0.46460939597028494,"[0.4805481247494609, 0.48721446189644274, 0.4794568720138864, 0.47652847511546026, 0.48188193300035526, 0.49272776186458495, 0.4815499196842711, 0.48964204078010687, 0.48970059514973224, 0.4915402633172796, 0.5307725388324723, 0.5250778110477395, 0.5266935032128092, 0.5304734700843254, 0.5241048911451374, 0.5261218182092172, 0.5252286041804528, 0.5269007210738182, 0.5145471077197931, 0.5261982509260315, 0.49122290229095095, 0.2940151187543223, 0.44135025336319356, 0.4266985970812462, 0.33557028622042995, 0.25054893080903373, 0.2841428179037195, 0.21308493611288376, 0.30456632901504066, 1.0, 0.25478193952463773]"
base,0,bge-base-en-v1.5,6,ArxivClusteringP2P,299928,0.47478661819508083,"[0.5002318636080502, 0.4946500084658438, 0.49583742997068425, 0.4851998779473959, 0.48907359427326, 0.497462797812938, 0.5068890166854327, 0.5041641919871908, 0.4963830982659494, 0.5072278396596758, 0.5385579779526342, 0.5351613494563995, 0.5346183194711739, 0.5349898350812635, 0.5407926059671456, 0.5320838664641768, 0.5353668171303898, 0.5340248102755523, 0.5325370840588827, 0.5381526305749885, 0.5052404338995973, 0.2622755400084613, 0.444152258376761, 0.4301540493954732, 0.3419374321580503, 0.26154481872993274, 0.2997126743841319, 0.23782827216341493, 0.3240559989469751, 1.0, 0.2780786708756811]"
base,0,bge-base-en-v1.5,8,ArxivClusteringP2P,399872,0.47320293506479943,"[0.4962323553487186, 0.48642389017301413, 0.5037344058962083, 0.4974806066377504, 0.5113734398957499, 0.48474169122198246, 0.4968187574620014, 0.4860698858121392, 0.4978884714168458, 0.5026572409866447, 0.5349782731076349, 0.5305202522077179, 0.5327601041933792, 0.5390607904662702, 0.5390740736408411, 0.5337113093489638, 0.5382904701968357, 0.5388415813797599, 0.5372099773152036, 0.543284310472961, 0.5061339606659889, 0.2670783440671104, 0.44556624859879895, 0.4247930794320835, 0.3443546666337758, 0.25349981035240166, 0.26611421147436287, 0.24240830958327353, 0.3136772450391588, 1.0, 0.27451322398120387]"
base,0,bge-base-en-v1.5,10,ArxivClusteringP2P,499800,0.4766377979789136,"[0.503718376615702, 0.5044802310585264, 0.5021957314617015, 0.48179636123241437, 0.5097215330431756, 0.5065971715281951, 0.47620399209446446, 0.5093309431148859, 0.5023083902554596, 0.5045166404645527, 0.5384322483306104, 0.5449938331159969, 0.5378550259918982, 0.534866225589668, 0.5405815406908295, 0.5416101795254119, 0.5407764432346246, 0.5412470705603334, 0.5358764394388739, 0.5415689076927669, 0.5041812653955375, 0.2920049938236594, 0.4467569202499968, 0.4279234611800926, 0.3373746848423527, 0.25034775343516985, 0.31337008074131756, 0.22495364072978774, 0.3156679009040765, 1.0, 0.26451375100424174]"
base,0,bge-base-en-v1.5,15,ArxivClusteringP2P,749550,0.47661465280935,"[0.5089006631681097, 0.5006267796035764, 0.512768582142416, 0.5053541520415631, 0.5081741306036608, 0.4882848588850724, 0.5042861048017815, 0.48953751490930036, 0.4975555705540841, 0.5119840688914185, 0.5390289015284628, 0.5428518634494458, 0.535467515910636, 0.5411820814504797, 0.5428138329942236, 0.5411171959226126, 0.5374748514398251, 0.5430309192426408, 0.5405258982906354, 0.5403586797433725, 0.5002284753055727, 0.27946183826745796, 0.44142178267302545, 0.4184042862510017, 0.32982308409540484, 0.26482758726623246, 0.30737633319076746, 0.24035409995478996, 0.30507441492743176, 1.0, 0.2567581695848491]"
base,0,bge-base-en-v1.5,20,ArxivClusteringP2P,999200,0.47747962754940576,"[0.5030120422784154, 0.493736616422184, 0.4936309289772036, 0.503841414216017, 0.5105684511163784, 0.5089096264938898, 0.4975739493650199, 0.5090930463637361, 0.5030664233798399, 0.49630595921945486, 0.5447198549347315, 0.5465455812484883, 0.5431468219430727, 0.5431087766215031, 0.5389308312579708, 0.5413528393125766, 0.5422239886320784, 0.54210020102564, 0.5387825946403992, 0.5411454574417345, 0.5040999548237084, 0.2793829952276755, 0.44776160179374896, 0.4203960367449587, 0.33727647484731726, 0.26675064362783685, 0.2825632414736719, 0.23621042134614992, 0.3207958500136957, 1.0, 0.2648358292424784]"
base,0,bge-base-en-v1.5,1,RedditClusteringP2P,124520,0.5079777735842455,"[0.5736997971363313, 0.5523900766127212, 0.5583618673290222, 0.2465973164475727, 0.5656190828249159, 0.5052914736515198, 0.30951040241457567, 0.6222790844784812, 0.600733090816192, 0.545295544131123]"
base,0,bge-base-en-v1.5,2,RedditClusteringP2P,249036,0.7265622215667431,"[0.669460419101215, 0.7169432618959691, 0.6696386936090295, 0.5100551161728002, 0.7753367907881197, 0.6542308740143177, 0.8280081434264543, 0.834351165393545, 0.7663603059411314, 0.841237445324849]"
base,0,bge-base-en-v1.5,3,RedditClusteringP2P,373548,0.725985368809115,"[0.6620803542036177, 0.7303316912991115, 0.6790044521770217, 0.5170586129301865, 0.78529947311505, 0.6593194308881184, 0.7851463600220143, 0.8332656753149411, 0.7563976421500489, 0.8519499959910399]"
base,0,bge-base-en-v1.5,6,RedditClusteringP2P,747060,0.716045842960794,"[0.6642447350279741, 0.725282339767883, 0.6399243287306832, 0.608782644628676, 0.7740458820807757, 0.649798007684073, 0.6836038011714536, 0.8273410982457251, 0.7474451238286187, 0.8399904684420774]"
base,0,bge-base-en-v1.5,8,RedditClusteringP2P,996048,0.7088124438454678,"[0.6565011189333078, 0.7222484521305613, 0.6730640817975678, 0.5201596501144311, 0.7788766965747759, 0.6520625632898375, 0.6862226867785868, 0.8069767768010295, 0.7475074836280908, 0.8445049284064894]"
base,0,bge-base-en-v1.5,10,RedditClusteringP2P,1245020,0.7108453126689669,"[0.6479852995776868, 0.7336962126259875, 0.6622470145903384, 0.58950375228151, 0.7584234676142756, 0.6440108412992799, 0.6883910090421008, 0.8098142885785358, 0.7394254455661362, 0.8349557955138186]"
base,0,bge-base-en-v1.5,15,RedditClusteringP2P,1867380,0.6947081232926751,"[0.6505186911744331, 0.7219323079283808, 0.6466721019165629, 0.4703019648996104, 0.7629786910230459, 0.6417388755960618, 0.6829986999015233, 0.8037442760931177, 0.7348662725570522, 0.8313293518369621]"
base,0,bge-base-en-v1.5,20,RedditClusteringP2P,2489640,0.6861321720213829,"[0.6417770986083373, 0.7050683646205218, 0.6390488130100195, 0.5125516001652318, 0.7558756152036453, 0.6273527760001246, 0.6218786786825072, 0.799459064355793, 0.7343575679969674, 0.8239521415706816]"
base,0,bge-base-en-v1.5,1,RedditClustering,50718,0.32981419651094707,"[0.3040361158660452, 0.3564121712178467, 0.303074066560723, 0.30352617566355883, 0.31260446070080383, 0.2895646291017762, 0.33910706386526884, 0.3009810922694296, 0.3018713889282047, 0.3252937078615157, 0.2984687167968624, 0.3921904509773069, 0.29536060182413243, 0.32444325002283564, 0.39024920035076444, 0.32735194640400417, 0.34321093378779177, 0.430837300805533, 0.3264013078812367, 0.30921172105043504, 0.30281775890815443, 0.30802990343171543, 0.45346326846338103, 0.312623137579084, 0.29422454245526597]"
base,0,bge-base-en-v1.5,2,RedditClustering,101432,0.5333471079053907,"[0.5517103975794648, 0.5913929748268879, 0.49761912489717347, 0.542830578002781, 0.5198811969480361, 0.5198656763536144, 0.5560071647735808, 0.4704512678982749, 0.5006977418143856, 0.49018226836259615, 0.47952326735874673, 0.6187764170589941, 0.5262540630634718, 0.497290532023376, 0.6453617125160328, 0.46430123471640933, 0.5689773282468092, 0.651888123695597, 0.4929011020327508, 0.49002418158545596, 0.4720417584793217, 0.48068673107487664, 0.6613929269913873, 0.5487500429021329, 0.494869884432612]"
base,0,bge-base-en-v1.5,3,RedditClustering,152142,0.5605627998316814,"[0.599974183959926, 0.6350560124242248, 0.5167459525599679, 0.5474979771889235, 0.5444386073017046, 0.532379561546802, 0.5939669721256573, 0.4958955720174917, 0.5368782264972403, 0.5232963909851392, 0.49547171010096125, 0.6403877139024655, 0.5561765927052189, 0.540476202075208, 0.6607014090507337, 0.5197283507072165, 0.5950066973294634, 0.6553472327343681, 0.525470889635988, 0.5034838246918786, 0.5114549031350258, 0.5268655378922129, 0.6638081420684314, 0.5812378263057224, 0.5123235068500642]"
base,0,bge-base-en-v1.5,6,RedditClustering,304248,0.5788743818402827,"[0.5925801528425421, 0.6384643933634833, 0.5194733513090459, 0.5941974797316752, 0.5760309898198783, 0.5571308531926508, 0.5892585257083791, 0.5141583810399777, 0.5432782874580784, 0.545688113769363, 0.535585373100829, 0.6595141069766137, 0.5683106557783242, 0.5671904675326095, 0.6844405258116574, 0.5362947988841616, 0.6382280645252292, 0.6248137723640894, 0.5613573532265285, 0.5393766065795282, 0.5194176687515043, 0.5382448264656896, 0.6901535259505541, 0.5871779861654658, 0.5514932856592114]"
base,0,bge-base-en-v1.5,8,RedditClustering,405632,0.5873534940232809,"[0.6108145183088621, 0.6651608526068397, 0.5332256609933123, 0.585713404073772, 0.5829481294709273, 0.5688627385708706, 0.6178657026309436, 0.5267404508158027, 0.547791471181034, 0.5663876300636007, 0.5481091027428666, 0.6742250117120213, 0.5988921499323049, 0.5642032888420955, 0.6733341479168026, 0.523537484217671, 0.618434108906962, 0.6539112364311586, 0.5682518199346613, 0.5605426360124209, 0.5195256188495472, 0.5591296608112326, 0.6776497849466685, 0.5930953948178731, 0.5454853457917692]"
base,0,bge-base-en-v1.5,10,RedditClustering,507000,0.5878049325322346,"[0.6186146777806711, 0.6582269417921415, 0.5481586715125675, 0.5930159198088505, 0.5671032329457103, 0.5630555088148753, 0.624688700374875, 0.5354936573365576, 0.5577759075670726, 0.5626728104628718, 0.5258283021366088, 0.6440558132135726, 0.5776391707854728, 0.5797315364959118, 0.6836002187183847, 0.525141075582848, 0.6224286627004065, 0.6724708285464062, 0.557144371333554, 0.5508755250084282, 0.5333070711499361, 0.5518849402637982, 0.7001925190980616, 0.5977563498506154, 0.5442609000256698]"
base,0,bge-base-en-v1.5,15,RedditClustering,760350,0.5853327667082652,"[0.6119373451283465, 0.6340786658334366, 0.5318144776143844, 0.588278374551943, 0.581660073324942, 0.5571768250309985, 0.5903664678885284, 0.5334425440508762, 0.5616643619116868, 0.5582854013804751, 0.5346296174420019, 0.6544973771805338, 0.589195267125, 0.5904207008687133, 0.6752015312209128, 0.5291359686525922, 0.6222107377209969, 0.6536765925472592, 0.5671683760805648, 0.552738429014499, 0.5344849126923136, 0.5479598802200903, 0.6846147268340167, 0.5978328600089938, 0.5508476533825235]"
base,0,bge-base-en-v1.5,20,RedditClustering,1013600,0.5817224204611184,"[0.6257363579748271, 0.6463476297815467, 0.5323744554781397, 0.592658463452236, 0.570965337484251, 0.5525410246892962, 0.6051392006625016, 0.5331605894432618, 0.5559003358759987, 0.5589002438066919, 0.5509670374751867, 0.6433330252657843, 0.5675612691626803, 0.5853658591896497, 0.65754862926516, 0.5221506986241758, 0.6231905697862784, 0.5924155931094937, 0.5499600970870728, 0.5559611183544969, 0.5327407339708908, 0.5580108136286759, 0.6776664456960712, 0.600858550817367, 0.5516064314462258]"
base,0,bge-base-en-v1.5,1,BiorxivClusteringS2S,9998,0.21083975523630488,"[0.1898049884643977, 0.19319807029716532, 0.21678523535354707, 0.1927011811418196, 0.19574226119975194, 0.22611494484117162, 0.21942132879273385, 0.22299889964116906, 0.22065138882023846, 0.23097925381105397]"
base,0,bge-base-en-v1.5,2,BiorxivClusteringS2S,19992,0.31260413245230034,"[0.3121516374005957, 0.3314527550149092, 0.3047837728031558, 0.2996696275011605, 0.308581399090216, 0.31212455455735544, 0.30061048094990045, 0.31311878378236957, 0.3155593722115157, 0.3279889412118252]"
base,0,bge-base-en-v1.5,3,BiorxivClusteringS2S,29982,0.327872406514544,"[0.32568792296266297, 0.3267141095206505, 0.31351633569436604, 0.3185877996862095, 0.3341197147167469, 0.3371008242899817, 0.3204181326942188, 0.33537535195889895, 0.3270207744680948, 0.3401830991536103]"
base,0,bge-base-en-v1.5,6,BiorxivClusteringS2S,59928,0.35124263575143444,"[0.35798867420701647, 0.3636027702266772, 0.34119849706826727, 0.3420933369452734, 0.3427607664234902, 0.35260480062165506, 0.3360260257724216, 0.3600667992928179, 0.35304106342575864, 0.36304362353096675]"
base,0,bge-base-en-v1.5,8,BiorxivClusteringS2S,79872,0.35331582801573747,"[0.34934178271356253, 0.3630543308817614, 0.3510810690918332, 0.34920378202266883, 0.3585455355101594, 0.36024883726454826, 0.34663299643791, 0.3668742052726256, 0.33525794616421295, 0.352917794798093]"
base,0,bge-base-en-v1.5,10,BiorxivClusteringS2S,99800,0.35218178390880817,"[0.3479883437667625, 0.35681867605501316, 0.35352843058659444, 0.347408089257142, 0.35659482333831205, 0.3491216479075224, 0.3499063153785496, 0.3683208372828499, 0.33718110501352916, 0.35494957050180603]"
base,0,bge-base-en-v1.5,15,BiorxivClusteringS2S,149550,0.35955963877323927,"[0.3623697697384619, 0.365241591355022, 0.3646999698366394, 0.3510061607814392, 0.35421675304065325, 0.3608946420668251, 0.35397672858257684, 0.3611275019808422, 0.35415926185762964, 0.36790400849230287]"
base,0,bge-base-en-v1.5,20,BiorxivClusteringS2S,199200,0.36240221360589137,"[0.3593433337736146, 0.36579209043155564, 0.36139153272081875, 0.35166371067480373, 0.3508067049543548, 0.36921112963668906, 0.35761584437302046, 0.37317320053296216, 0.35936004905582003, 0.37566453990527415]"
base,0,bge-base-en-v1.5,1,MedrxivClusteringP2P,4998,0.27284251077309163,"[0.252653385630457, 0.2527733411493538, 0.26822807217642974, 0.2577695404630432, 0.2578233771243075, 0.28911095585676694, 0.2894860644962084, 0.27799585174298436, 0.2917039947063761, 0.2908805243849894]"
base,0,bge-base-en-v1.5,2,MedrxivClusteringP2P,9992,0.29695347025342106,"[0.2880774845813547, 0.28299718061675766, 0.28967021090552303, 0.28133942001933454, 0.28381256156093526, 0.3054771050515779, 0.3061804243887305, 0.3182124531558911, 0.31015671304042125, 0.30361114921368526]"
base,0,bge-base-en-v1.5,3,MedrxivClusteringP2P,14982,0.30769535136553716,"[0.2966224250015064, 0.2969453833678651, 0.29806693483567837, 0.2991090941270442, 0.3086252339885083, 0.3079784721727053, 0.31292688344554864, 0.3310672851871642, 0.3212107659861509, 0.30440103554320036]"
base,0,bge-base-en-v1.5,6,MedrxivClusteringP2P,29928,0.3132499812533583,"[0.30045832688543284, 0.30036514726187524, 0.3109447200637835, 0.2967872285971674, 0.30310447630171583, 0.3254751081414985, 0.3132338928582264, 0.3349486807678326, 0.3323879746186876, 0.3147942570373631]"
base,0,bge-base-en-v1.5,8,MedrxivClusteringP2P,39872,0.3173988978372188,"[0.29913716470250495, 0.3056825956546712, 0.30245889084143396, 0.30050604375429324, 0.30677497573517737, 0.33213894385548814, 0.3272378751398534, 0.34700917536402465, 0.3260361598293289, 0.3270071534954129]"
base,0,bge-base-en-v1.5,10,MedrxivClusteringP2P,49800,0.32160480785879264,"[0.3070295648236273, 0.3085266018168223, 0.3122238736077826, 0.3096562264678253, 0.31468934640570745, 0.3357942445889822, 0.3317200547386631, 0.34043577725284224, 0.33022891423710227, 0.3257434746485715]"
base,0,bge-base-en-v1.5,15,MedrxivClusteringP2P,74550,0.3202946317228629,"[0.3021042099698178, 0.3083851242501077, 0.3072076065746167, 0.3046866950861197, 0.31653291056102795, 0.3322016967221055, 0.32092109080060954, 0.35109428095437195, 0.3400504713833242, 0.31976223092652767]"
base,0,bge-base-en-v1.5,20,MedrxivClusteringP2P,99200,0.32115109171093315,"[0.3074049991710337, 0.29934682132923207, 0.3068701950483427, 0.3091005518985978, 0.3113553770684515, 0.34452014942082604, 0.3420848183120174, 0.3402166649329174, 0.33410434114801246, 0.31650699877990046]"
base,0,bge-base-en-v1.5,1,BiorxivClusteringP2P,9998,0.23240237774425002,"[0.23246545110023278, 0.21664827061514894, 0.23552097192945812, 0.22523802914947377, 0.22699501714866424, 0.23743870310937076, 0.2410451762700879, 0.23850674745524625, 0.24058281433564688, 0.22958259632917047]"
base,0,bge-base-en-v1.5,2,BiorxivClusteringP2P,19992,0.3391081785304071,"[0.3290489503332197, 0.3484173669570343, 0.3384733146937283, 0.3266780545587072, 0.3186319327609339, 0.3341710349758074, 0.35293295210224307, 0.34582657997285937, 0.34224471823880065, 0.354656880710737]"
base,0,bge-base-en-v1.5,3,BiorxivClusteringP2P,29982,0.34712392530184283,"[0.34026878050732057, 0.35316905945528687, 0.33491009451180953, 0.3501318584002968, 0.3472639105873289, 0.3365796997550424, 0.349954394926986, 0.3496718599094326, 0.3431860575369711, 0.3661035374279536]"
base,0,bge-base-en-v1.5,6,BiorxivClusteringP2P,59928,0.36954788115634474,"[0.3652318839141656, 0.38497662142713707, 0.35993195488077834, 0.3630096192819038, 0.35038198586738634, 0.3700238300755037, 0.37043648992228817, 0.3892635790134891, 0.3630828223575755, 0.3791400248232198]"
base,0,bge-base-en-v1.5,8,BiorxivClusteringP2P,79872,0.37085772691783414,"[0.3514572623003857, 0.3923122245879906, 0.36727935363123687, 0.37103597769901037, 0.36454461471886584, 0.3729936981248282, 0.3716224116581285, 0.3921888928109631, 0.359491881548156, 0.3656509520987762]"
base,0,bge-base-en-v1.5,10,BiorxivClusteringP2P,99800,0.37462879381869824,"[0.3779917707888005, 0.3871094109203566, 0.3680686766639549, 0.36622181910240553, 0.36668064914117304, 0.384780356404176, 0.3696311005763699, 0.38079666840649407, 0.36748953758577574, 0.3775179485974759]"
base,0,bge-base-en-v1.5,15,BiorxivClusteringP2P,149550,0.3793428800161812,"[0.3841682701264745, 0.3869718357551112, 0.38046033900517323, 0.3725013873841007, 0.3664622687742608, 0.37592839017407004, 0.37839302303532496, 0.3905408048250305, 0.3785371837340424, 0.37946529734822393]"
base,0,bge-base-en-v1.5,20,BiorxivClusteringP2P,199200,0.37969603378663186,"[0.3842353687574891, 0.39190296831499327, 0.3715103975293596, 0.375434129082238, 0.372419629007338, 0.38362341544549133, 0.3841194985721752, 0.37574977225950634, 0.3771619754656623, 0.3808031834320655]"
base,0,bge-base-en-v1.5,1,ArxivClusteringS2S,49998,0.2894382973240341,"[0.2545457152039527, 0.2466593138122961, 0.20668859144930796, 0.21412526650577643, 0.2698926657605797, 0.2109855729650907, 0.2101490756879682, 0.21271866905886883, 0.27253635716902974, 0.23143315442602339, 0.38223839172000423, 0.3787248818619554, 0.376032010032688, 0.38169330599250406, 0.3812780630436217, 0.3760767235310601, 0.3785299441313308, 0.3738494547839301, 0.36572389074420697, 0.3743515954986792, 0.33020472195156464, 0.09800398790007094, 0.23074142679274529, 0.2875793535364948, 0.2242476874294691, 0.12334831537065567, 0.19226324396344432, 0.09191101088678723, 0.14454482933276627, 1.0, 0.15150999650218286]"
base,0,bge-base-en-v1.5,2,ArxivClusteringS2S,99992,0.4076795091950197,"[0.44527555782767975, 0.41752379678804924, 0.4407090606875542, 0.4398431833129131, 0.44090939911349464, 0.4451925628372308, 0.43756012686867707, 0.4446082756898691, 0.4474083553433223, 0.4400302076073399, 0.4380816309287757, 0.4533946622967429, 0.43525647548973306, 0.43424564950672717, 0.44300559073507395, 0.4569459312375224, 0.4309527422295997, 0.4436160085017224, 0.4422303630270109, 0.4530303064738572, 0.41624155215961245, 0.19521113409140672, 0.3151699007843718, 0.4008319345657063, 0.2897063761853231, 0.20918718440640652, 0.27853044144898753, 0.19173508122618277, 0.28524078524557944, 1.0, 0.22639050842913716]"
base,0,bge-base-en-v1.5,3,ArxivClusteringS2S,149982,0.4199691645601411,"[0.4451328529598523, 0.43439654927482135, 0.44254832645671, 0.4466514645285014, 0.4516688418426357, 0.4445394556767087, 0.43846545266569853, 0.44964452782747977, 0.4556532364211845, 0.4221717169498888, 0.4603454056520895, 0.4613611494815492, 0.45628017007380767, 0.4534578175813423, 0.455328838981234, 0.4625183755375812, 0.4640471917177835, 0.45705907032205506, 0.45327358256955036, 0.4585717464904506, 0.4247861344833797, 0.27738334998647934, 0.32065564697077836, 0.40045821911615387, 0.3088406351172323, 0.21417277560890804, 0.29187985660076365, 0.21825741556492667, 0.2990741390729147, 1.0, 0.2504201558319123]"
base,0,bge-base-en-v1.5,6,ArxivClusteringS2S,299928,0.42110160181404555,"[0.4418906211427192, 0.4513499996902747, 0.4236191819288106, 0.44892299922405643, 0.45843868377096514, 0.42353388192853986, 0.4337819983653888, 0.45135162782684424, 0.44735413387468376, 0.4340438462094575, 0.4777504820286633, 0.47347677464567123, 0.47094692485533646, 0.4710889105886771, 0.46568488755582166, 0.4690926794579686, 0.4735056934526495, 0.4644683923360352, 0.46770593173235686, 0.47239206318827864, 0.44377094414543444, 0.2198709451456515, 0.34012022794226165, 0.42062738486939544, 0.31250539425798024, 0.20375618313605406, 0.2830032400610734, 0.2137305784155785, 0.2692734146919409, 1.0, 0.22709162976684125]"
base,0,bge-base-en-v1.5,8,ArxivClusteringS2S,399872,0.42349736898532625,"[0.44885324104165003, 0.4198883500571943, 0.45082984498269707, 0.44784411673252317, 0.46046015476364377, 0.4476727391587718, 0.4506893754514932, 0.4536889442076902, 0.44174775778790676, 0.4459322004972103, 0.4784090895113235, 0.4790838997690454, 0.4679541153015868, 0.4642428350630187, 0.4639338773829176, 0.4675058178019617, 0.47036132250258916, 0.47380010999751304, 0.47404258369241037, 0.47982688570587045, 0.4540758948186505, 0.234370495141055, 0.3389438125833016, 0.38948744112306555, 0.2950592064496939, 0.21516430832079456, 0.2881624522429224, 0.21400171888880354, 0.2903966659922645, 1.0, 0.22198918157554495]"
base,0,bge-base-en-v1.5,10,ArxivClusteringS2S,499800,0.42410901552804425,"[0.453639150229712, 0.4499296200972631, 0.4231145184424832, 0.44637099465958524, 0.4550790473166535, 0.4484518337281085, 0.44032633680476113, 0.4435572801124329, 0.44760640797960544, 0.4572058245346543, 0.4772517810409712, 0.4703651380072174, 0.47338585965858376, 0.47376878506883363, 0.4737375838574332, 0.47060775962811163, 0.47570776385789665, 0.47642022320446914, 0.4679132794717976, 0.47418665685386313, 0.4460719465536603, 0.23021691783515943, 0.3358006403821305, 0.4024038206898604, 0.3126103959918762, 0.20760102546082773, 0.281703471657854, 0.2088449251905164, 0.3028190756439329, 1.0, 0.22068141740911543]"
base,0,bge-base-en-v1.5,15,ArxivClusteringS2S,749550,0.42466644813236165,"[0.44673473338743797, 0.44880494244990443, 0.4371990754676292, 0.4556904497266075, 0.4618272223531498, 0.44307421673573305, 0.4428756930544318, 0.44232109891970633, 0.4445810067329285, 0.44279829816625454, 0.47594967488666945, 0.4818740311709412, 0.4780012612019079, 0.47863659727221963, 0.468402205999887, 0.4687638441589749, 0.47807984509483586, 0.47966739296290245, 0.47342907628721814, 0.4775428409325604, 0.4432289736005578, 0.22363749367759994, 0.34557531549851056, 0.3872815556087373, 0.3034791039722211, 0.22047707827397595, 0.2836835167398962, 0.21584690278267235, 0.2880291036451052, 1.0, 0.22716734134203367]"
base,0,bge-base-en-v1.5,20,ArxivClusteringS2S,999200,0.42250226058718315,"[0.4619574721348806, 0.44957345794032916, 0.44177081779727984, 0.42913845267282974, 0.4487775391663551, 0.44407848513561804, 0.4446739117988229, 0.4555132720121155, 0.45565657842157914, 0.45527001117669347, 0.4734188564061882, 0.4765722970356177, 0.48518692060761925, 0.47504797179709013, 0.4735392685514273, 0.47446452458730964, 0.47068491082368497, 0.4750502164793941, 0.4734610994078636, 0.47581046700435137, 0.4430854039111268, 0.22354943747531755, 0.3431148124354818, 0.3784352913244045, 0.30094310218319964, 0.22121412693354048, 0.24131665669371033, 0.2127180695048962, 0.2744462013396129, 1.0, 0.2191004454443363]"
base,0,bge-base-en-v1.5,1,StackExchangeClustering,39366,0.4135552042760036,"[0.4069458336803657, 0.4346048328615327, 0.32011881794586944, 0.3921217411763083, 0.35830231422272496, 0.34216862311609436, 0.39036332203458657, 0.5053359257940971, 0.43774146106022954, 0.4262040576240223, 0.4375648026485252, 0.5216963560784336, 0.5537909739521437, 0.42799404682625863, 0.4150928748803487, 0.3816566700308584, 0.37755830201342966, 0.3817850533861376, 0.43608200563315846, 0.40020421599107897, 0.4196507739083991, 0.34991827381288854, 0.36988649455329164, 0.43339842374614546, 0.4186939099231593]"
base,0,bge-base-en-v1.5,2,StackExchangeClustering,78728,0.6533378300491214,"[0.6928725870782255, 0.6684105177374149, 0.5588871928388074, 0.6939457904947607, 0.6626890465863038, 0.6092433191296401, 0.5951927991726428, 0.7297848672387462, 0.6695518218169582, 0.6451472385133131, 0.7420257936986852, 0.7770994461606034, 0.7479357524561131, 0.6899385613726615, 0.6044652260718336, 0.615492115168915, 0.6247478380016007, 0.6176932991480064, 0.609605191041238, 0.6194971064533951, 0.64915525447151, 0.6108141280729584, 0.6123070196912418, 0.6849929624738655, 0.6019508763385943]"
base,0,bge-base-en-v1.5,3,StackExchangeClustering,118086,0.6697880049109493,"[0.7017256922494739, 0.6952048663486031, 0.5743352075421804, 0.6822166316969102, 0.697587154760829, 0.6573542651546525, 0.6068913445473609, 0.7673136573285041, 0.6639046251736236, 0.6577411304266841, 0.732902851965644, 0.7643662969779021, 0.7538112235415054, 0.7293110455465409, 0.6187016795917284, 0.6464393574390639, 0.6366719239176772, 0.6325030620000556, 0.6307607392026061, 0.6414360912545854, 0.6637004524775469, 0.6553567725624623, 0.6258680673283381, 0.6963345346272206, 0.6122614491120361]"
base,0,bge-base-en-v1.5,6,StackExchangeClustering,236136,0.6838921541129017,"[0.7313083284094523, 0.7043662404733729, 0.5927872893013709, 0.7118704581672395, 0.7121788509588896, 0.6907056402025977, 0.6275890605820041, 0.7739542131652075, 0.6732618546567527, 0.660669887836399, 0.7600766413275218, 0.765668233236797, 0.7688237656672781, 0.7145937841392416, 0.6241711579416946, 0.6529200987865313, 0.6394209163459782, 0.6386279159972145, 0.6555082551615218, 0.6587448427837663, 0.6845585988007113, 0.6534451487772931, 0.656217798757982, 0.7013871341766539, 0.6444477371690691]"
base,0,bge-base-en-v1.5,8,StackExchangeClustering,314816,0.6876475312471093,"[0.728672955359014, 0.7009376877206885, 0.6071109131446434, 0.7127605762934325, 0.6864004314744101, 0.6796780168604336, 0.6085890663502902, 0.7697381000485785, 0.6666819622754803, 0.6672105220689422, 0.7653944011588307, 0.8185894376149224, 0.7959142095742314, 0.7511915667137848, 0.6188343240980644, 0.6561483254038747, 0.6494321113565544, 0.6439823459009605, 0.6498488547700237, 0.6536294378602215, 0.6756809790836569, 0.6654087096829995, 0.6471739877597291, 0.7161313541213035, 0.6560480044826599]"
base,0,bge-base-en-v1.5,10,StackExchangeClustering,393480,0.6815567887343172,"[0.720541400834432, 0.6822523842790583, 0.600684890204052, 0.6949275146254899, 0.7112605371441796, 0.6832637974046206, 0.6314519535782253, 0.7656094532959925, 0.677641440524949, 0.6670956038282685, 0.7419415728898244, 0.7732332640019418, 0.7714323856294258, 0.7418850235231591, 0.612383770609848, 0.6482398368657696, 0.6524131122546647, 0.6505736513879463, 0.6518111241717212, 0.6482057622649465, 0.6732182197512708, 0.6660918902166771, 0.6371240030415378, 0.6935530101619634, 0.6420841158679678]"
base,0,bge-base-en-v1.5,15,StackExchangeClustering,590070,0.6812263433138742,"[0.7178810186746883, 0.7097083047393292, 0.5912911187512985, 0.6945473184412746, 0.7125704732593231, 0.6859568071181336, 0.6200873943514071, 0.7631531237436324, 0.6737765968704339, 0.66782882679211, 0.7369990239356371, 0.8120677867649635, 0.7591996184014782, 0.7248990054476182, 0.6176981026036836, 0.6499744194347941, 0.6396220305704818, 0.6529331751371036, 0.6472402157751829, 0.6378189527841054, 0.6731474897392822, 0.6608733876767626, 0.6304374457590639, 0.7115791549669901, 0.6393677911080764]"
base,0,bge-base-en-v1.5,20,StackExchangeClustering,786560,0.6781121275528962,"[0.7249172365475023, 0.6918390154091193, 0.60513626863588, 0.7029074606421137, 0.6984830655629123, 0.6670910201333815, 0.6144230886824723, 0.7620267884132308, 0.6696682505933634, 0.6642044687442868, 0.7747166739554755, 0.7660324410295308, 0.7494808777379733, 0.7331904205477022, 0.6167488044070039, 0.6457267388864244, 0.6415897935224233, 0.6435674037599186, 0.639032667775744, 0.6388154723594939, 0.6677027696830429, 0.6536911008346591, 0.6426351351505762, 0.705349615565027, 0.6338266102431463]"
base,0,bge-base-en-v1.5,1,MedrxivClusteringS2S,4998,0.2580628489177483,"[0.23490488420982533, 0.23410373001957316, 0.23899001073952889, 0.2374926743185406, 0.24777405266498578, 0.2832364291179771, 0.25798041665174604, 0.2851753771688663, 0.27824869611848857, 0.282722218167951]"
base,0,bge-base-en-v1.5,2,MedrxivClusteringS2S,9992,0.2842455628680427,"[0.27274491615763613, 0.2770410044306066, 0.2750039557005548, 0.26485373815573265, 0.27266532727346754, 0.29929907489645746, 0.29713995288565404, 0.31116860588867506, 0.2865373157495051, 0.286001737542138]"
base,0,bge-base-en-v1.5,3,MedrxivClusteringS2S,14982,0.29344810802686994,"[0.28965662072646015, 0.2726300078604825, 0.2906050793853704, 0.2736475621766854, 0.2816297143302572, 0.30682205968765486, 0.2982110750630393, 0.32709011795554443, 0.3075664273695045, 0.28662241571370006]"
base,0,bge-base-en-v1.5,6,MedrxivClusteringS2S,29928,0.3033823908819552,"[0.2900865305970096, 0.29154333033385454, 0.2890961089799637, 0.2856457816273047, 0.2993368026128381, 0.3092598907521954, 0.31032596669854495, 0.3285005593205047, 0.3254199128912011, 0.30460902500613524]"
base,0,bge-base-en-v1.5,8,MedrxivClusteringS2S,39872,0.3061427389315449,"[0.29255567910792685, 0.28054021536733015, 0.29965357798070236, 0.28993434287429837, 0.2986841480515876, 0.33421629018531696, 0.3051994411360827, 0.32821767379922545, 0.3160218056890778, 0.31640421512390066]"
base,0,bge-base-en-v1.5,10,MedrxivClusteringS2S,49800,0.3099274077247501,"[0.29955168870043325, 0.2942500881830606, 0.28908898945862394, 0.2945050498098608, 0.30683659321418666, 0.322611380865672, 0.3089633040848028, 0.33235068012376895, 0.32193617655955376, 0.32918012624753806]"
base,0,bge-base-en-v1.5,15,MedrxivClusteringS2S,74550,0.3116507638684129,"[0.3000777784043591, 0.29434538512109204, 0.2975554166783695, 0.29280140350224737, 0.3051056982607072, 0.33109418907562593, 0.31754342098515326, 0.33984688312422984, 0.3227841357594328, 0.3153533277729117]"
base,0,bge-base-en-v1.5,20,MedrxivClusteringS2S,99200,0.3105756974618142,"[0.29741247497156537, 0.2965298087908534, 0.29724683147909675, 0.2994715395768372, 0.308088751694287, 0.3286375553724605, 0.32034699822916946, 0.3259681017392414, 0.32122104473574936, 0.3108338680288814]"
base,0,bge-base-en-v1.5,1,StackExchangeClusteringP2P,9998,0.3542411024738571,"[0.33847159001806937, 0.3324830748851809, 0.3359894524736482, 0.3283765880353994, 0.33398885086095204, 0.3834187835431325, 0.3689178889342851, 0.37145116851865695, 0.37759835489343924, 0.3717152725758068]"
base,0,bge-base-en-v1.5,2,StackExchangeClusteringP2P,19992,0.35122838517879945,"[0.3370369137294708, 0.3330608737316596, 0.3322353313320875, 0.3283584399935575, 0.33168538663264324, 0.37454882055738364, 0.3658556430948138, 0.3745179191380937, 0.3680046576491492, 0.3669798659291352]"
base,0,bge-base-en-v1.5,3,StackExchangeClusteringP2P,29982,0.3576236548852862,"[0.3383578322906206, 0.3425052310487377, 0.34066647337404876, 0.33254053674295053, 0.34040251747063427, 0.3792787209344449, 0.36384593140917426, 0.377002535158286, 0.3844602667583449, 0.37717650366562]"
base,0,bge-base-en-v1.5,6,StackExchangeClusteringP2P,59928,0.36504927816028576,"[0.35165412075669117, 0.3519909189026855, 0.3444951365348795, 0.34512197688756757, 0.34960439122996695, 0.3913334415881006, 0.37638347946159906, 0.3853974534386403, 0.37913497651529593, 0.37537688628743116]"
base,0,bge-base-en-v1.5,8,StackExchangeClusteringP2P,79872,0.3664672824533858,"[0.35694140478168435, 0.3467912404752807, 0.35178319247653084, 0.347810289278234, 0.35335504216261293, 0.3881046570288195, 0.38222314010950353, 0.380546527208464, 0.38435476738594443, 0.3727625636267836]"
base,0,bge-base-en-v1.5,10,StackExchangeClusteringP2P,99800,0.3709777841879574,"[0.3583888127060525, 0.3540959224602664, 0.35649426407712836, 0.34831555916101803, 0.3538054644779229, 0.3969450579821287, 0.38173710068261724, 0.3872862243665352, 0.3895968179483322, 0.3831126180175727]"
base,0,bge-base-en-v1.5,15,StackExchangeClusteringP2P,149550,0.37213192794816896,"[0.36341394640635494, 0.35571879131029754, 0.35288237194252914, 0.35626974223162783, 0.35890860289269, 0.3927762586985814, 0.37697237978312537, 0.3848908063264367, 0.3911233368511745, 0.38836304303887215]"
base,0,bge-base-en-v1.5,20,StackExchangeClusteringP2P,199200,0.37256644023521807,"[0.3584791303187781, 0.35412927559545465, 0.3566931819319419, 0.35157830074565743, 0.3604538748134463, 0.3992654480199611, 0.3835192126065203, 0.3836849062209533, 0.38946407423311463, 0.38839699786635273]"
base,0,all-mpnet-base-v2,1,TwentyNewsgroupsClustering,21816,0.3538501983519866,"[0.4027244091201981, 0.3985699236649895, 0.3721377126764996, 0.3483982056923361, 0.3221834475479178, 0.37181365317380294, 0.31677879279231946, 0.3249870893949761, 0.35834130927931673, 0.32256744017750966]"
base,0,all-mpnet-base-v2,2,TwentyNewsgroupsClustering,43628,0.4379894147590299,"[0.42650795749137316, 0.4323116963713701, 0.4329073991426116, 0.4296293286317708, 0.43248241350182703, 0.4509269403803253, 0.43336560466615165, 0.4508785791087938, 0.4586857368608505, 0.4321984914352252]"
base,0,all-mpnet-base-v2,3,TwentyNewsgroupsClustering,65436,0.4611873362427351,"[0.4821824939791456, 0.4615462249229386, 0.4619771301900156, 0.4651778421994131, 0.48180607724790103, 0.49342846475939706, 0.4334781587300954, 0.46598618093973204, 0.41997888127805316, 0.4463119081806593]"
base,0,all-mpnet-base-v2,6,TwentyNewsgroupsClustering,130836,0.4838134424833547,"[0.5096045087291271, 0.4902024150518949, 0.4974048084273838, 0.4994459231309275, 0.46975342246828306, 0.4603065632489185, 0.44402319067241053, 0.472983303337186, 0.47128086556309007, 0.5231294242043256]"
base,0,all-mpnet-base-v2,8,TwentyNewsgroupsClustering,174416,0.4843353583773258,"[0.5027281913586333, 0.5008651307040529, 0.4990548282415129, 0.48993835686400683, 0.4659604133713388, 0.49673258950443727, 0.466204112745457, 0.48520117460312606, 0.483541259653377, 0.453127526727315]"
base,0,all-mpnet-base-v2,10,TwentyNewsgroupsClustering,217980,0.48185570289826246,"[0.4784519926113163, 0.48815425571973764, 0.4886684127817082, 0.5134608780769435, 0.47595652165760527, 0.4937315397807713, 0.4783169678553962, 0.4628883049469206, 0.4726923107756966, 0.46623584477652913]"
base,0,all-mpnet-base-v2,15,TwentyNewsgroupsClustering,326820,0.49155655523397135,"[0.5009537797131187, 0.48827040534758126, 0.48029498945906746, 0.5004742066950507, 0.5225238141618472, 0.5177075527312738, 0.48127592166312516, 0.4767006889537698, 0.4583745414105191, 0.4889896522043602]"
base,0,all-mpnet-base-v2,20,TwentyNewsgroupsClustering,435560,0.4967928390958695,"[0.4961769378927551, 0.48872497792718644, 0.504472709949326, 0.5029046018044728, 0.49566303244528864, 0.48690551016795813, 0.5054143094831666, 0.49487730299893806, 0.47982427173697395, 0.5129647365526294]"
base,0,all-mpnet-base-v2,1,ArxivClusteringP2P,49998,0.3664596527089878,"[0.3632132594654281, 0.2918117115040495, 0.3364478090885056, 0.32717300449755593, 0.3226023578275646, 0.32455606290450695, 0.32434108569316455, 0.33518373855880024, 0.3125421751941065, 0.34927691444257986, 0.4501326012420287, 0.46492897900405455, 0.45707223957692367, 0.4542928083547782, 0.4615555229269653, 0.46705146659877333, 0.4651193664350197, 0.4617357824404164, 0.4554320983115961, 0.4563469937589266, 0.4093335374030921, 0.1265405917658652, 0.353320682033847, 0.30669365635457513, 0.2713689850878234, 0.19791981371136827, 0.2429281209614635, 0.13897973840313746, 0.22123806420633987, 1.0, 0.21111006622536196]"
base,0,all-mpnet-base-v2,2,ArxivClusteringP2P,99992,0.4554945939736529,"[0.4539742815816271, 0.4830369721891896, 0.48099541863712497, 0.47512077465682695, 0.4352758548486271, 0.47352400704963893, 0.4660448581750727, 0.4596975342263141, 0.4707969545820086, 0.48053767771953354, 0.5130318709448698, 0.5229878408210873, 0.5081414725690703, 0.5123464534623948, 0.5172421900811777, 0.521449287612085, 0.508835967101923, 0.5145142881008182, 0.5177103749182262, 0.5111090070308827, 0.4712983073512493, 0.24908782328396886, 0.4194346805255293, 0.39670658613019416, 0.334350512791127, 0.2588667770533557, 0.3210838016528452, 0.24097402596926784, 0.31899610336220413, 1.0, 0.2831607087550007]"
base,0,all-mpnet-base-v2,3,ArxivClusteringP2P,149982,0.46292994199807214,"[0.4811194749555354, 0.47680339790339027, 0.49004973215676684, 0.49062943684069166, 0.48697761067821227, 0.47029541327698354, 0.4624007696094314, 0.4857910611552579, 0.48140329498625806, 0.48894903342712537, 0.5244379502952802, 0.5273261409393641, 0.5250085924204512, 0.5254492041627903, 0.5247827427607996, 0.5316070171046334, 0.5284406028787079, 0.5216587455955715, 0.5179762777508922, 0.522550512990603, 0.481604955526796, 0.2245691665283375, 0.4458508546097721, 0.4238863315430268, 0.3399938204413209, 0.254730012327804, 0.30646057890784567, 0.24282748946365498, 0.3099033024147257, 1.0, 0.25734467828820384]"
base,0,all-mpnet-base-v2,6,ArxivClusteringP2P,299928,0.4704818770878602,"[0.4980932117856439, 0.48969275588513117, 0.49605494729635696, 0.4880127427619279, 0.49309546591887454, 0.5007700726841456, 0.47371831561578265, 0.5079536223049007, 0.4888707820246918, 0.49009780202191994, 0.5354461993571442, 0.5343493047529455, 0.5373937558761487, 0.5364717795592711, 0.5320767790654655, 0.5331717746167556, 0.5292712506779125, 0.5319955188306753, 0.5321268728562358, 0.532966523362909, 0.4919601095948639, 0.25055932819922055, 0.45545836202171264, 0.4156568308950339, 0.34225029264693474, 0.26802562698771976, 0.2768505304463633, 0.21856491971628117, 0.3199805213785154, 1.0, 0.2840021905821839]"
base,0,all-mpnet-base-v2,8,ArxivClusteringP2P,399872,0.47072156381310476,"[0.5013731559233175, 0.4921839687394458, 0.4949189610890373, 0.4844844553087642, 0.49411955148865605, 0.48308605698228657, 0.48618886121661115, 0.47122214259800344, 0.48320051958967997, 0.4903524925488828, 0.5387336280098816, 0.5287599419684043, 0.5304124091307533, 0.5384609134903589, 0.5350543151007195, 0.5332864395083521, 0.5358302578826332, 0.5293134496430439, 0.5365795154019831, 0.5362165103601211, 0.4792202277060365, 0.27886185041724226, 0.4535392174319959, 0.4110451707027689, 0.3324563208375273, 0.27654653554016523, 0.2988396530439549, 0.23649586016887042, 0.31068234077463175, 1.0, 0.29090375560212006]"
base,0,all-mpnet-base-v2,10,ArxivClusteringP2P,499800,0.47366147474269277,"[0.5039954425829906, 0.4937004318234425, 0.49393088398322976, 0.49175814222757963, 0.4940342493421514, 0.517797587239902, 0.47335709665960823, 0.5024201202526515, 0.4953964385605701, 0.5029044988806642, 0.5359601518575323, 0.5399002998824097, 0.5339121943253046, 0.5310251734630435, 0.5360062078908183, 0.5366141011294685, 0.5367269927687014, 0.5391087435865743, 0.5334425164912424, 0.5343573303519519, 0.48487319348823776, 0.2626457795115575, 0.4564094445205477, 0.40856814091437194, 0.33923015061829154, 0.27987989253461887, 0.2731583769080448, 0.2497202459836274, 0.32403479056679163, 1.0, 0.27863709867754805]"
base,0,all-mpnet-base-v2,15,ArxivClusteringP2P,749550,0.4715296535558162,"[0.5013547558968574, 0.47969350539891475, 0.4770383028366912, 0.49097024300194525, 0.5044433554759321, 0.4748971558765845, 0.47743233421383147, 0.5002997723884789, 0.5090687029598783, 0.5138100039087691, 0.5391420615673014, 0.534571400895049, 0.5343246528958666, 0.5294184598586255, 0.5340801080559241, 0.5387572448295312, 0.535505537867505, 0.5344889778005338, 0.5370555973474731, 0.5377227081003941, 0.49132882087422625, 0.2602072729017162, 0.4549185527712711, 0.4165339542471044, 0.34169373249675006, 0.2771771873252388, 0.27004781724369464, 0.2408777961825733, 0.2962880017738148, 1.0, 0.28427124323782743]"
base,0,all-mpnet-base-v2,20,ArxivClusteringP2P,999200,0.47148929793348066,"[0.49630076622411007, 0.4853030547053733, 0.46170950366372143, 0.5022549061091955, 0.5025200801399994, 0.4819675173343357, 0.4861268982203322, 0.5046057749478057, 0.5013118309244857, 0.5080561206141512, 0.5426008949338835, 0.5351856415823294, 0.534819134778273, 0.5404283065865672, 0.5383475707421419, 0.5403262982706399, 0.5378838453599694, 0.5408510069639035, 0.5375851591452434, 0.5366419556269398, 0.4943576377799877, 0.24744786080577288, 0.45689776495828605, 0.39902145819660484, 0.33808823222041806, 0.26351251059520464, 0.2760348342411122, 0.23313130229131102, 0.30290266494882756, 1.0, 0.28994770302697315]"
base,0,all-mpnet-base-v2,1,RedditClusteringP2P,124520,0.45726117366214253,"[0.5244439567873076, 0.5145375392047166, 0.5277043070799651, 0.27395926675815757, 0.4740904912962721, 0.43906272413961694, 0.25655352930253417, 0.539035820939499, 0.511903087328423, 0.5113210137849337]"
base,0,all-mpnet-base-v2,2,RedditClusteringP2P,249036,0.6546285880372471,"[0.6192543526267815, 0.6803811219120482, 0.6051841368890448, 0.6031865213951336, 0.694283822710236, 0.5645620395632173, 0.5891144933085978, 0.7479838760652482, 0.6758728735734921, 0.7664626423286713]"
base,0,all-mpnet-base-v2,3,RedditClusteringP2P,373548,0.6683833371473789,"[0.6294821162130311, 0.6860073380644299, 0.5976656841404743, 0.559140543484101, 0.6974179217632636, 0.5804514548545886, 0.7096107251735738, 0.7638856218436665, 0.6914461314301097, 0.7687258345065509]"
base,0,all-mpnet-base-v2,6,RedditClusteringP2P,747060,0.645303527838174,"[0.6009295758350874, 0.6779371508401599, 0.5776863235886309, 0.5035684361262837, 0.6970827476724601, 0.5753779768673563, 0.6331380662998819, 0.7503544121464406, 0.6684424566991369, 0.7685181323063025]"
base,0,all-mpnet-base-v2,8,RedditClusteringP2P,996048,0.6413309310983667,"[0.6037224658312141, 0.6642774336553359, 0.5605892143134608, 0.5199453131633528, 0.6952221261580855, 0.5769760266634283, 0.6069933823920803, 0.7545246615261875, 0.6776025396357699, 0.7534561476447528]"
base,0,all-mpnet-base-v2,10,RedditClusteringP2P,1245020,0.6423338906715369,"[0.5958481146299077, 0.6696279146214748, 0.5755781229617994, 0.4905631173679438, 0.7022841963014312, 0.5671111094733603, 0.6430530887153728, 0.7534915726745463, 0.669865307941438, 0.7559163620280938]"
base,0,all-mpnet-base-v2,15,RedditClusteringP2P,1867380,0.6383423708235687,"[0.5865752575551803, 0.6548248505376566, 0.5828876992239546, 0.5009133438756008, 0.6867308131935224, 0.5646947596730612, 0.6799793396622494, 0.7376234073637419, 0.6505589760506525, 0.738635261100068]"
base,0,all-mpnet-base-v2,20,RedditClusteringP2P,2489640,0.621120908174064,"[0.5973132086059232, 0.6513102951634878, 0.5627480526547045, 0.4572905902238305, 0.6708022167523974, 0.5590885697742702, 0.6096755702208128, 0.7221272024769629, 0.6450650071770244, 0.7357883686912264]"
base,0,all-mpnet-base-v2,1,RedditClustering,50718,0.354666124865723,"[0.39742452020183433, 0.4181490379755547, 0.3348925325050852, 0.32759006441435173, 0.35817641852523113, 0.33960926866023927, 0.3516855858719741, 0.30880226781884174, 0.3114971508668262, 0.33089723034374396, 0.33469657172248585, 0.3862487284599596, 0.3184206874524546, 0.3572786313092468, 0.4101299863885278, 0.34344074248036394, 0.3715724737280946, 0.4525583340532896, 0.3422653385449829, 0.3348512019814285, 0.317364507851201, 0.3203389840301689, 0.4396216706919683, 0.3457021354996632, 0.3134390502655575]"
base,0,all-mpnet-base-v2,2,RedditClustering,101432,0.5141483730029377,"[0.5214321414033639, 0.6080992302362201, 0.4712598138970227, 0.4589769181511132, 0.5136634451990756, 0.5005198473424414, 0.5556479542823318, 0.4521261911671273, 0.48607068980322415, 0.49337658267172557, 0.4934783723100667, 0.5450812883350863, 0.5080306556083792, 0.5071658108130337, 0.594397594392343, 0.4809044906243268, 0.5353247112829086, 0.6011894111290971, 0.49012259991475343, 0.4824668963812509, 0.47825579293983955, 0.4663587151006872, 0.6338117166683328, 0.5250798268874853, 0.4508686285322055]"
base,0,all-mpnet-base-v2,3,RedditClustering,152142,0.5380790725711908,"[0.5499476579597905, 0.6151489526023478, 0.4978928593490085, 0.5022171545434032, 0.5139406389988807, 0.5060740231372932, 0.5571603509553962, 0.47968269244476386, 0.515793992685074, 0.5222132413356284, 0.4953231263962925, 0.5760133749325229, 0.5521624154700338, 0.5217511994427826, 0.6529710594194341, 0.5043160472833267, 0.5537289335050374, 0.6397338808021218, 0.4855295669896499, 0.5003406983475766, 0.503365161672532, 0.5123327661868531, 0.6464253813976041, 0.5533321832598108, 0.4945794551626046]"
base,0,all-mpnet-base-v2,6,RedditClustering,304248,0.5644944022024405,"[0.6031253691381755, 0.6315316439126869, 0.5138368106525281, 0.5517615730657035, 0.5738618582640083, 0.541839697146093, 0.5747359392067928, 0.5120631108154938, 0.5342700100531798, 0.5404647477856358, 0.515604930297567, 0.6400483491615057, 0.5684472625795585, 0.5653455683821762, 0.6655544007097146, 0.5204552933693806, 0.5784963368091988, 0.6353153301870169, 0.5304714755941252, 0.5252302934007931, 0.5101665194759099, 0.5323408282555896, 0.6733115464304633, 0.5633888385443709, 0.5106923218233455]"
base,0,all-mpnet-base-v2,8,RedditClustering,405632,0.5643419330939737,"[0.586097082364988, 0.637993242696409, 0.5041016974904897, 0.5553968823940836, 0.5717688101182969, 0.5269333383821102, 0.580081954439533, 0.5217902589304788, 0.5362325258372526, 0.534599309174899, 0.5208424259437386, 0.6483472694459997, 0.5629235001895327, 0.5531650795595822, 0.6568143073047802, 0.5230164189104387, 0.5830974455126131, 0.6315749757273265, 0.537704488736208, 0.5371103307394961, 0.5044364108358782, 0.5215694781347688, 0.675040474118513, 0.5832052445131822, 0.5147053758487437]"
base,0,all-mpnet-base-v2,10,RedditClustering,507000,0.5684597630072861,"[0.5973781423739531, 0.6315210437617842, 0.5141705598921987, 0.5381676269760365, 0.5680440926664988, 0.5389515154985046, 0.5882174265708279, 0.5150480451463681, 0.5387059355102716, 0.5423832854086723, 0.5286448519546788, 0.6510941575275433, 0.5664444298570854, 0.566066211620157, 0.6406624529710099, 0.5211055371664934, 0.584866399491752, 0.65927626741092, 0.5392309715064247, 0.5334940546359792, 0.5261215649547265, 0.5453700595829195, 0.6742897381997179, 0.5794091699054124, 0.5228305345922163]"
base,0,all-mpnet-base-v2,15,RedditClustering,760350,0.5675339085843987,"[0.6224534516833035, 0.627597190487113, 0.5081054328193779, 0.5462012969672198, 0.5700970799645348, 0.5447729935289398, 0.5807676316669201, 0.5223659769997687, 0.5411453079935994, 0.5454104185466137, 0.5320607999890549, 0.6212155895937703, 0.5516454805794043, 0.5678222578966661, 0.6857961328412149, 0.5294529685385334, 0.5852296912131044, 0.5914100360401189, 0.5224474570661762, 0.5436967075939844, 0.5278571935475839, 0.5430493581280281, 0.662527831825103, 0.5873088727032675, 0.5279105563965657]"
base,0,all-mpnet-base-v2,20,RedditClustering,1013600,0.5672707925371164,"[0.5672982064500459, 0.6453617515888175, 0.5044548673015223, 0.5377860756870235, 0.5742558294760209, 0.5409665083093131, 0.6019952254715538, 0.5224817804347082, 0.5428417616417411, 0.5443667317308267, 0.5221106452247897, 0.5829126294809713, 0.5539977984093918, 0.5770006968415896, 0.6895348384289333, 0.520488520842372, 0.5949561976888276, 0.6358972475025735, 0.5436759100898706, 0.5229591226040046, 0.5156524894043939, 0.5398430565715542, 0.6817954668043608, 0.5858255716988324, 0.5333108837438731]"
base,0,all-mpnet-base-v2,1,BiorxivClusteringS2S,9998,0.1975497261509767,"[0.17503486136699953, 0.19822431087794812, 0.18911831361047454, 0.20311699925495777, 0.19120990658564413, 0.2027963124919597, 0.19770722759035492, 0.19704784512077378, 0.19540075336189225, 0.22584073124876228]"
base,0,all-mpnet-base-v2,2,BiorxivClusteringS2S,19992,0.29206680230873927,"[0.27472061407139875, 0.28605621646959656, 0.29068607608704766, 0.2860950481972563, 0.2746685702870311, 0.30093272181943415, 0.30219831813525494, 0.30837265382674073, 0.28649370095651133, 0.310444103237121]"
base,0,all-mpnet-base-v2,3,BiorxivClusteringS2S,29982,0.3073047733762822,"[0.30566201038271074, 0.285106969218932, 0.2929425976074588, 0.3067751762283183, 0.3087556904795879, 0.3182083562592576, 0.32007380891948284, 0.32195390658908235, 0.30862800232869, 0.30494121574930166]"
base,0,all-mpnet-base-v2,6,BiorxivClusteringS2S,59928,0.3244420325548011,"[0.3120618229619817, 0.3167856872106116, 0.32191657662318446, 0.32857119999220913, 0.31055342465333885, 0.32848874894151986, 0.3362977440906538, 0.3341971263975055, 0.31838526763820857, 0.3371627270387974]"
base,0,all-mpnet-base-v2,8,BiorxivClusteringS2S,79872,0.3251062260418588,"[0.32495701436069, 0.319650818005245, 0.32013845250911166, 0.31695352797457443, 0.3125000158678962, 0.3381475785047085, 0.33572842010718973, 0.3368217311164077, 0.31410253233745083, 0.3320621696353145]"
base,0,all-mpnet-base-v2,10,BiorxivClusteringS2S,99800,0.3265474139076804,"[0.32346309218079944, 0.31157889452513765, 0.3213318836298448, 0.3222516974534496, 0.31847218866849947, 0.3215879743939768, 0.3387091086137491, 0.34312732385913924, 0.325536092334646, 0.3394158834175617]"
base,0,all-mpnet-base-v2,15,BiorxivClusteringS2S,149550,0.3274000091089398,"[0.3201867039083156, 0.31534074995029104, 0.33240142701948566, 0.309039454200837, 0.31841751160224285, 0.32826463199861994, 0.33670354408865133, 0.341029951984902, 0.3285667157103872, 0.34404940062566525]"
base,0,all-mpnet-base-v2,20,BiorxivClusteringS2S,199200,0.32930948987053116,"[0.32355880584024216, 0.3231921861361968, 0.326539453753399, 0.3263917332880801, 0.33018032122282054, 0.3307034652205191, 0.3266542710688456, 0.35383221083477634, 0.3293048296306025, 0.3227376217098294]"
base,0,all-mpnet-base-v2,1,MedrxivClusteringP2P,4998,0.28993681537109933,"[0.2515549628038494, 0.27474002200525266, 0.2679520070401027, 0.2801066878071874, 0.2680356820288496, 0.3157997358990467, 0.3115289301186603, 0.3110242009165118, 0.3072936839941328, 0.31133224109739976]"
base,0,all-mpnet-base-v2,2,MedrxivClusteringP2P,9992,0.3143272611094267,"[0.2994759044764406, 0.29817343451177963, 0.3096251884314948, 0.301323315200154, 0.3060475052035444, 0.3325554745725653, 0.3072238325911466, 0.33504263983410193, 0.3221096703317635, 0.3316956459412765]"
base,0,all-mpnet-base-v2,3,MedrxivClusteringP2P,14982,0.31854869971562644,"[0.3016459874814935, 0.3049236954308998, 0.3061705777393105, 0.3046217887591714, 0.3054979845194807, 0.3437322096038662, 0.3184450781217771, 0.3403673521629304, 0.34055159095053344, 0.3195307323868013]"
base,0,all-mpnet-base-v2,6,MedrxivClusteringP2P,29928,0.33102470148256624,"[0.32382780567444774, 0.31342292077766476, 0.3208119367847332, 0.3102310788363464, 0.32172352631224754, 0.36132776447517256, 0.33865919687863105, 0.34770978950635745, 0.3371719009503324, 0.3353610946297297]"
base,0,all-mpnet-base-v2,8,MedrxivClusteringP2P,39872,0.33236106396335485,"[0.32110629971817983, 0.31434547867791535, 0.3228979927584228, 0.31457037125563714, 0.3259504400689755, 0.3430123681812215, 0.3461099571824083, 0.3474025319475492, 0.34769273744612833, 0.34052246239711037]"
base,0,all-mpnet-base-v2,10,MedrxivClusteringP2P,49800,0.3369700979479176,"[0.3237094442736415, 0.3309577619048732, 0.3161521547721072, 0.3208860612783228, 0.32281184794144635, 0.3543338683283798, 0.34272457133780876, 0.3668159940775716, 0.3425963051295795, 0.34871297043544497]"
base,0,all-mpnet-base-v2,15,MedrxivClusteringP2P,74550,0.3384619152971756,"[0.31921995084336785, 0.3260388074001755, 0.32292219923584026, 0.3288411651558853, 0.32553848136589286, 0.3592832736275826, 0.34228301123674415, 0.3592744493402415, 0.3582610176791105, 0.34295679708691573]"
base,0,all-mpnet-base-v2,20,MedrxivClusteringP2P,99200,0.3375732297765546,"[0.3191062772625763, 0.3229985964183764, 0.32270419966937647, 0.3260526198411253, 0.3277741367939879, 0.35434048798153234, 0.3481645553775408, 0.3567169928947195, 0.348598606830787, 0.34927582469552354]"
base,0,all-mpnet-base-v2,1,BiorxivClusteringP2P,9998,0.24875107659656082,"[0.2323165465035361, 0.2592707670702751, 0.2526649450513361, 0.22258580670265646, 0.2397881850339712, 0.22888996048567692, 0.2548116134708029, 0.23711109797431074, 0.2925149896535046, 0.26755685401953827]"
base,0,all-mpnet-base-v2,2,BiorxivClusteringP2P,19992,0.3373732553251833,"[0.34145815993579903, 0.34834610157533785, 0.33607044312233053, 0.3208824640423535, 0.3479866657730488, 0.3462469708120762, 0.33457161152025455, 0.3348584483678814, 0.3233438450256278, 0.3399678430771232]"
base,0,all-mpnet-base-v2,3,BiorxivClusteringP2P,29982,0.35416942685415204,"[0.3440716006419323, 0.36395833230043234, 0.34545889518968526, 0.3509450472714576, 0.35894224961427995, 0.35101737457285087, 0.3719694075293149, 0.35959189414912346, 0.33030356414916034, 0.365435903123283]"
base,0,all-mpnet-base-v2,6,BiorxivClusteringP2P,59928,0.3683786421178219,"[0.36307253392356736, 0.3642220770049949, 0.3735809843405371, 0.3713722888290671, 0.35928770032750335, 0.3812482536381032, 0.379888602284515, 0.36357092369657645, 0.35391161151235084, 0.3736314456210039]"
base,0,all-mpnet-base-v2,8,BiorxivClusteringP2P,79872,0.3694818969855137,"[0.3612165765851733, 0.38036422741407205, 0.36594822000755006, 0.36272564387626716, 0.3679475582396279, 0.3674776382734405, 0.37260163015826303, 0.3752223937234007, 0.35906908991059133, 0.38224599166675066]"
base,0,all-mpnet-base-v2,10,BiorxivClusteringP2P,99800,0.37122893766357146,"[0.3676218634118816, 0.37176015475313295, 0.3687715406375476, 0.3571331382187933, 0.36787620671147203, 0.37888736936759504, 0.37268410293364523, 0.37550748819221, 0.36755423546333665, 0.38449327694609997]"
base,0,all-mpnet-base-v2,15,BiorxivClusteringP2P,149550,0.3703073368108724,"[0.3672032766858076, 0.38155642921242566, 0.378502952054647, 0.3581034697390585, 0.3534432258562734, 0.38303511743375196, 0.3682778811093306, 0.38210550014624844, 0.3709945494035693, 0.359850966467612]"
base,0,all-mpnet-base-v2,20,BiorxivClusteringP2P,199200,0.37441430846691254,"[0.36529609154124654, 0.36612920193954335, 0.36753987617911504, 0.3708240255663363, 0.36656197317850575, 0.3732596790112918, 0.3770269137870716, 0.39621685144919716, 0.37948693460171984, 0.38180153741509826]"
base,0,all-mpnet-base-v2,1,ArxivClusteringS2S,49998,0.2744575865872806,"[0.22451439845637264, 0.20048318500483034, 0.21668171294349875, 0.24297010744995276, 0.20665359400739106, 0.1744639088525581, 0.203116045977925, 0.20057598604226468, 0.19963886637417952, 0.18975607358274074, 0.35307232478906664, 0.36591541291056884, 0.3578101394618275, 0.36331349817796155, 0.354354824912387, 0.3650068597323282, 0.35750979322667625, 0.36177559347753585, 0.35777850389327664, 0.35686547089684323, 0.3245495396853065, 0.11969671797296368, 0.2255627627788436, 0.25801581010604846, 0.21055330639546543, 0.13995738089266538, 0.18604081825033889, 0.09892252434443659, 0.15708363978310672, 1.0, 0.13554638382634]"
base,0,all-mpnet-base-v2,2,ArxivClusteringS2S,99992,0.3833577210717073,"[0.39814345515239635, 0.4006261597262604, 0.3874500745653677, 0.37934547257589535, 0.3959831292478969, 0.42005954230383175, 0.41281660343743953, 0.39118453537190423, 0.407652844943914, 0.4121603455046721, 0.4152323174908158, 0.41300071896966295, 0.4076640480292397, 0.4276233075117166, 0.41471613584007516, 0.41984956873845264, 0.41557340715785795, 0.41213541098474865, 0.41195616447009886, 0.415207650873192, 0.38125288596616647, 0.24635444692487823, 0.2958867773723572, 0.3813530691761904, 0.2895388690884854, 0.19988595619499694, 0.2828598856531845, 0.17739956958973635, 0.25264688333264973, 1.0, 0.2185301170288405]"
base,0,all-mpnet-base-v2,3,ArxivClusteringS2S,149982,0.39195775694633594,"[0.4183382906327396, 0.4141123084337197, 0.40299271807235165, 0.4131536273857992, 0.413803294925745, 0.404323110374836, 0.42128749876876764, 0.4139684527065133, 0.42237198240638224, 0.41686756787332135, 0.4360055216034303, 0.42310600187485575, 0.42284632426147395, 0.43020469199874045, 0.42316938002152604, 0.4225271834944879, 0.4189394620890132, 0.42998717695737365, 0.4343035701023269, 0.43244959831596286, 0.3902830959401312, 0.20750960779212108, 0.298003174697133, 0.3982170424783491, 0.29079318293057316, 0.2134465345980515, 0.2772589425654263, 0.18332596034542137, 0.26101724293182216, 1.0, 0.21607791875801652]"
base,0,all-mpnet-base-v2,6,ArxivClusteringS2S,299928,0.3971382677225741,"[0.4049571773316344, 0.41655342314168925, 0.4194666484467773, 0.40149687183162036, 0.4121052903719029, 0.42190235487723315, 0.41283349375640443, 0.4239798339027076, 0.42522307068539056, 0.4233577556402053, 0.43168988083086407, 0.438240587366305, 0.429846475497652, 0.4298756482900426, 0.43631523154549046, 0.43679535383327167, 0.44486067608494095, 0.4283635664227488, 0.4337975039856553, 0.4359979779024031, 0.40886839333863684, 0.22468169992136502, 0.32971478038370977, 0.38117051057545237, 0.29481718943019386, 0.21140589888287278, 0.28439712838265835, 0.1789210927782907, 0.26300566970345735, 1.0, 0.2266451142582214]"
base,0,all-mpnet-base-v2,8,ArxivClusteringS2S,399872,0.3972393796120523,"[0.42021481382667597, 0.3926342557192824, 0.4247789003131459, 0.42486889045429593, 0.4037730808546743, 0.41847391623409635, 0.43563108447377813, 0.4258296995350362, 0.41944103717939335, 0.4262939795399462, 0.4354638926111907, 0.4385641272338915, 0.4388116384794366, 0.4342087105827155, 0.43156266742073046, 0.43443704212958034, 0.44858607778600407, 0.4393525527653126, 0.4356880385396241, 0.4350733247104956, 0.4234906516261674, 0.21117244221647663, 0.33108057966465165, 0.36516235762867344, 0.27481988601821494, 0.19560928528799473, 0.27439912120822346, 0.1883225290040474, 0.24556855188474336, 1.0, 0.24110763304512314]"
base,0,all-mpnet-base-v2,10,ArxivClusteringS2S,499800,0.39852389298640345,"[0.4173433913181545, 0.39700409262129926, 0.42246499389840164, 0.42498876464171376, 0.41647446957748874, 0.4264685294642643, 0.44315703566406556, 0.4272413813115737, 0.4121535084159667, 0.408096973566488, 0.43951765854737057, 0.43242890521057364, 0.4473005786391483, 0.44366840974485766, 0.43526854192535813, 0.43497989214444943, 0.4412259301918264, 0.4414094914965717, 0.4265428340628741, 0.4382893033636718, 0.4192558257582056, 0.2104379318152749, 0.32467538242263383, 0.3698437801394008, 0.2915696683754128, 0.2090658340675541, 0.2809520079989445, 0.16769277042179012, 0.27110966018616495, 1.0, 0.23361313558700705]"
base,0,all-mpnet-base-v2,15,ArxivClusteringS2S,749550,0.39910962830021574,"[0.4187380959097185, 0.4230343145389359, 0.4026087492694944, 0.4277838949672809, 0.4294043393559551, 0.4233210409934454, 0.42696456897930374, 0.41876387755879624, 0.413715504676767, 0.42196148666253863, 0.4439692630048626, 0.4441693888650836, 0.4422492241262122, 0.43877378860051663, 0.4355693796603195, 0.4445037316234999, 0.44494018814989766, 0.43747892732203136, 0.4372025132770423, 0.44215360745399285, 0.4182430268832222, 0.21453214970327267, 0.3249168778112748, 0.3710739696752336, 0.2842440938778142, 0.20559705529428637, 0.27746371375402334, 0.17268163588276678, 0.2574579223861512, 1.0, 0.22888214704294488]"
base,0,all-mpnet-base-v2,20,ArxivClusteringS2S,999200,0.3976244392252932,"[0.4118232931667532, 0.42084016577036243, 0.40071469721136627, 0.39570249678517544, 0.41980879342067723, 0.41951155763822673, 0.42023758088891716, 0.42354111833292124, 0.42642444646753325, 0.42550397987740723, 0.4467408542597746, 0.44917861762277256, 0.4416309942544427, 0.4371303588837162, 0.4435907820695432, 0.445313426953475, 0.44557381144287855, 0.4455065234101403, 0.4386392940504091, 0.4435006697912258, 0.41754166302074985, 0.18860932369692632, 0.3302670464589158, 0.3619124587863992, 0.28720511479847755, 0.21238273027211368, 0.25227205460673174, 0.18198885974785686, 0.267523200138862, 1.0, 0.2257417021593395]"
base,0,all-mpnet-base-v2,1,StackExchangeClustering,39366,0.3351823386351767,"[0.34051954676668356, 0.33585099420234915, 0.29269315723912853, 0.3413629086449064, 0.20441038554947188, 0.2931665069774938, 0.31478270588522556, 0.4477465137221361, 0.3761928589464662, 0.3290249831835192, 0.3846427985262545, 0.4203892506687658, 0.40562933304897714, 0.29277018141781924, 0.33516703334843195, 0.32629703578331604, 0.34888569651974155, 0.3063014661790984, 0.3494434216456212, 0.3387790746481553, 0.3269130148801224, 0.27850011762340243, 0.32205246575563035, 0.32210461526289763, 0.34593239945380355]"
base,0,all-mpnet-base-v2,2,StackExchangeClustering,78728,0.5929836882414703,"[0.6323136131645647, 0.5792642191422523, 0.5065887777564316, 0.6138201341153857, 0.6034878233283789, 0.5587093691309086, 0.5425881213532241, 0.708926285191569, 0.6020841534388335, 0.5571886331841881, 0.6996970263318604, 0.716590435922258, 0.7086448769417724, 0.6881944785597043, 0.5488501598296693, 0.566899028069745, 0.5503734305596768, 0.5697920503931333, 0.5487945827866774, 0.5171287042646007, 0.5781012205335994, 0.51729544678987, 0.5408183854832918, 0.6094526503221347, 0.5589885994430268]"
base,0,all-mpnet-base-v2,3,StackExchangeClustering,118086,0.6166696747591996,"[0.6261876018020568, 0.602076044625187, 0.5339704092486234, 0.6613325176583952, 0.6361929031238238, 0.5543133778316014, 0.5717996390941935, 0.7394668174215807, 0.613956274460363, 0.5786122195112346, 0.7005159182204969, 0.7275916641733351, 0.7931723970810477, 0.6957858962910524, 0.5557125260727033, 0.5886088863475841, 0.5756815176756221, 0.5829190870815633, 0.5744841726222399, 0.559762346402016, 0.5878684358311101, 0.5585113413004844, 0.5738748652581898, 0.6407014405983757, 0.583643569247111]"
base,0,all-mpnet-base-v2,6,StackExchangeClustering,236136,0.6237737979526797,"[0.6516822602164115, 0.6075191470252558, 0.5343099102052145, 0.6632485274788493, 0.6050966083890948, 0.5590383084902312, 0.5838020002735153, 0.7487555707302518, 0.6258719224907626, 0.5840195576056653, 0.7098443611522792, 0.7348781537610147, 0.7877840928752836, 0.6621179467395049, 0.5763389174196014, 0.6053665900745259, 0.6054179213894391, 0.5910610245809733, 0.5910972309820074, 0.5747844311260026, 0.6099424239726512, 0.5750410526060663, 0.5651905264571995, 0.6415768578490759, 0.6005596049261175]"
base,0,all-mpnet-base-v2,8,StackExchangeClustering,314816,0.6247238976976623,"[0.646055278549012, 0.6120934016198418, 0.5345425178332801, 0.6498683266946675, 0.5840566035406359, 0.5894123511730069, 0.5805082019760631, 0.7583722561887186, 0.6320996044268576, 0.5942687161958835, 0.7691846913222679, 0.7184044913155392, 0.748220556513282, 0.7092628266778979, 0.57240278765306, 0.6008294009212283, 0.5953326671090587, 0.600573014913118, 0.5828505832337841, 0.5634808122255782, 0.5906037100670138, 0.5839764274728031, 0.5632588419379555, 0.6286019031690132, 0.6098374697119913]"
base,0,all-mpnet-base-v2,10,StackExchangeClustering,393480,0.6283178793084017,"[0.6552966314257638, 0.5930411911436447, 0.5323634215011789, 0.6689709716657309, 0.6246770345711102, 0.5969397259958207, 0.5757364433046807, 0.7452248492458299, 0.6516197929073171, 0.5893773869837736, 0.7653515096207231, 0.7189680864680873, 0.7712220279643222, 0.7171888649412789, 0.5626630372424668, 0.6124459829944103, 0.5902343498655794, 0.5813816783639747, 0.5831038885655917, 0.5746948783452256, 0.6043314400570433, 0.5918186115674893, 0.5628577710246677, 0.6396978064778193, 0.5987396004665103]"
base,0,all-mpnet-base-v2,15,StackExchangeClustering,590070,0.6191170084498996,"[0.6327978793441691, 0.5956135655626156, 0.5336445510047583, 0.6588714234985658, 0.5855420776854581, 0.5781954060858894, 0.5749165838211514, 0.7338045214087054, 0.6246986707119757, 0.5902334600999833, 0.7020025058295206, 0.7286178554378748, 0.7878947525141989, 0.7133861087241545, 0.5605952559640196, 0.5964374620880408, 0.5923800874320435, 0.5960072459447562, 0.5852265726993279, 0.5708593461462863, 0.6040726494300079, 0.5565467942470318, 0.5443114863503616, 0.6311853872051923, 0.6000835620114002]"
base,0,all-mpnet-base-v2,20,StackExchangeClustering,786560,0.6160448125136864,"[0.639439819688826, 0.6010151308949684, 0.535674189098013, 0.6577160924680068, 0.5947997231191741, 0.5680982726957063, 0.55821505578134, 0.7289055062039116, 0.6224439833958576, 0.5881333033415324, 0.7220761133198078, 0.7050241950136876, 0.7588269449948506, 0.7136258142775326, 0.5542212341919417, 0.6029980100382611, 0.5850823623371374, 0.5864833387466738, 0.5750088968604727, 0.5625929296660195, 0.5850945579208738, 0.5638010137697856, 0.5540629810790237, 0.6295267223128802, 0.6082541216258762]"
base,0,all-mpnet-base-v2,1,MedrxivClusteringS2S,4998,0.2628520000030988,"[0.2549751612427081, 0.23847873527813013, 0.24560795916494077, 0.2610597446161519, 0.23381929692939546, 0.2835851172157073, 0.26865735246196015, 0.280397432456017, 0.2862581070811285, 0.27568109358484816]"
base,0,all-mpnet-base-v2,2,MedrxivClusteringS2S,9992,0.2837947750304167,"[0.26246312755756634, 0.2727321942031026, 0.26410329231278956, 0.27112361208762187, 0.27070071894453307, 0.3027827260947709, 0.30215518124898216, 0.312819873735358, 0.2975184773206765, 0.2815485467987667]"
base,0,all-mpnet-base-v2,3,MedrxivClusteringS2S,14982,0.297153460015901,"[0.2725689805978762, 0.2866084921704049, 0.28552912047205375, 0.28010313492843014, 0.2841836454165546, 0.30033748410381705, 0.3152041771240114, 0.3136955202166784, 0.32438117161440166, 0.3089228735147818]"
base,0,all-mpnet-base-v2,6,MedrxivClusteringS2S,29928,0.311209454872078,"[0.3046092378056029, 0.301940342300513, 0.3013054352295013, 0.28990406583013156, 0.2951137825278754, 0.3176012607061323, 0.31657086333119716, 0.34337192323173105, 0.3213486032069375, 0.3203290345511581]"
base,0,all-mpnet-base-v2,8,MedrxivClusteringS2S,39872,0.3108854366009284,"[0.2988221303010978, 0.2960006324609287, 0.2993742819991329, 0.297591327078483, 0.29810533140468426, 0.32175983234223465, 0.31143288808441405, 0.34318930520643354, 0.32774830146607037, 0.31483033566580415]"
base,0,all-mpnet-base-v2,10,MedrxivClusteringS2S,49800,0.3163141414845602,"[0.29689240617116974, 0.3042763071563487, 0.3017372163471668, 0.301660645435863, 0.3032844485827067, 0.33630924611227464, 0.3273121587936656, 0.3370326479585637, 0.3352963485975422, 0.31933998969030114]"
base,0,all-mpnet-base-v2,15,MedrxivClusteringS2S,74550,0.31742294528322307,"[0.2909632921414758, 0.31695949502812515, 0.3024978060265996, 0.300606210319893, 0.3156527801577145, 0.3381968634973532, 0.32335159963300203, 0.3432963631311363, 0.3287390050424398, 0.31396603785449123]"
base,0,all-mpnet-base-v2,20,MedrxivClusteringS2S,99200,0.32029108724134425,"[0.30907847762405366, 0.3090031430545756, 0.2984452892462256, 0.29584633530774745, 0.31375853014938615, 0.3342519145399931, 0.3419759715751314, 0.349302301841277, 0.32771013679438843, 0.3235387722806644]"
base,0,all-mpnet-base-v2,1,StackExchangeClusteringP2P,9998,0.3458066366835645,"[0.32873620767806866, 0.32898954413742276, 0.3261196383474263, 0.32077428076204073, 0.3235785425690058, 0.3757789027617107, 0.35584059782597566, 0.3680849224534402, 0.36610024798781826, 0.3640634823127356]"
base,0,all-mpnet-base-v2,2,StackExchangeClusteringP2P,19992,0.34455659603416955,"[0.325703239365276, 0.3257704847574391, 0.32566691540888737, 0.31795890236119795, 0.32407633482212933, 0.37265606863104467, 0.3562949449805991, 0.36830362294341984, 0.36394473308936676, 0.3651907139823352]"
base,0,all-mpnet-base-v2,3,StackExchangeClusteringP2P,29982,0.34702039774502663,"[0.33501775841564324, 0.32869811039961017, 0.32923338015151526, 0.3248528379009676, 0.3279220546303336, 0.37466551577093965, 0.35812367040599025, 0.3643091817225668, 0.3673786042492997, 0.3600028638034]"
base,0,all-mpnet-base-v2,6,StackExchangeClusteringP2P,59928,0.35438691251119303,"[0.3396783107101996, 0.3394324085780402, 0.33602002890115956, 0.33114893171704124, 0.3346779675844527, 0.385367834766239, 0.36116376324898936, 0.37275976766360486, 0.36958885245239675, 0.37403125948980703]"
base,0,all-mpnet-base-v2,8,StackExchangeClusteringP2P,79872,0.35722827723022677,"[0.3459759652152528, 0.34161718696736376, 0.3415478741420531, 0.3297563921006715, 0.3373883672953166, 0.38303086081068016, 0.3699259703555488, 0.3718476467855743, 0.37065144653724136, 0.38054106209256483]"
base,0,all-mpnet-base-v2,10,StackExchangeClusteringP2P,99800,0.35817714244250654,"[0.34563577133883633, 0.3434564717463263, 0.3385248169342547, 0.3368764801928021, 0.34532071668056896, 0.3860348802549873, 0.36961580236486463, 0.3731064816182682, 0.36898660872845407, 0.37421339456570285]"
base,0,all-mpnet-base-v2,15,StackExchangeClusteringP2P,149550,0.36003691095266066,"[0.3492774254079106, 0.3433626901155423, 0.34151556800204097, 0.3395809848970586, 0.34158996996538066, 0.38910673069851104, 0.3691581884109789, 0.3756057873041836, 0.3762680449384019, 0.3749037197865981]"
base,0,all-mpnet-base-v2,20,StackExchangeClusteringP2P,199200,0.3598554051044814,"[0.3460949044024985, 0.34395882538981043, 0.33788257035322533, 0.33898380559561037, 0.3448813769833918, 0.38638128342439054, 0.3718770274051504, 0.3762237783224003, 0.3749134074924667, 0.3773570716758697]"
mst,0,all-mpnet-base-v2,1,TwentyNewsgroupsClustering,43626,0.06993022990134509,"[0.20103654722173248, 0.11243211800973872, 0.08582044725740291, 0.06330940721491259, 0.05693988639430083, 0.04986817825826003, 0.03816684855002073, 0.03246586495045106, 0.030321709516496122, 0.02894129164013536]"
mst,0,all-mpnet-base-v2,2,TwentyNewsgroupsClustering,65436,0.23100142445925975,"[0.37624791061775525, 0.3101961712397426, 0.29516425073621744, 0.27237490273761167, 0.2299550339310384, 0.1838053978152879, 0.18694523545263875, 0.14917383437567866, 0.1577577989045199, 0.14839370878210692]"
mst,0,all-mpnet-base-v2,3,TwentyNewsgroupsClustering,87242,0.384720543697227,"[0.46071086379570986, 0.4402898406367736, 0.400972751664444, 0.42375565459503334, 0.387146706860303, 0.39537395255806485, 0.33830420297095715, 0.3517617145115015, 0.3259277132309576, 0.3229620361485255]"
mst,0,all-mpnet-base-v2,6,TwentyNewsgroupsClustering,152630,0.47491461140114544,"[0.508024156126201, 0.47848246109932063, 0.47392037866676645, 0.4992988124401585, 0.4820945225648791, 0.45415782934276905, 0.4854826691924837, 0.45685164664190986, 0.4575066145846364, 0.45332702335233005]"
mst,0,all-mpnet-base-v2,8,TwentyNewsgroupsClustering,196182,0.48368384651354424,"[0.5056472566420697, 0.4700495049966656, 0.5049935193362879, 0.5129320078792194, 0.46339721559374686, 0.4636529418323603, 0.4798299244124888, 0.4756713412125726, 0.4731197562731539, 0.4875449969568777]"
mst,0,all-mpnet-base-v2,10,TwentyNewsgroupsClustering,239736,0.4802957885562015,"[0.5023262019654356, 0.47993270288128714, 0.47973782346827964, 0.4576469052459386, 0.523446234046299, 0.4284456439147244, 0.5014613435739251, 0.48708246342367945, 0.48000584461985735, 0.46287272242258926]"
mst,0,all-mpnet-base-v2,15,TwentyNewsgroupsClustering,348530,0.4949080808514978,"[0.5133973550688492, 0.49255948013154255, 0.4781769947273661, 0.48490521570559914, 0.5070627504651187, 0.5250885270979265, 0.5060184175543743, 0.4701267129057376, 0.4980414502322591, 0.4737039046262043]"
mst,0,all-mpnet-base-v2,20,TwentyNewsgroupsClustering,457242,0.4937821293916895,"[0.46375432159858493, 0.4968975675662333, 0.48281531594073185, 0.49316234042206397, 0.4923221401366415, 0.5059328661203277, 0.4875640049855863, 0.4705023130695837, 0.5186279810644739, 0.5262424430126675]"
mst,0,all-mpnet-base-v2,1,ArxivClusteringP2P,99992,0.08813303700991902,"[0.004535015399987288, 0.004716174450859013, 0.004291180393461536, 0.004767558594772519, 0.004937948926805497, 0.0054705791128399715, 0.004475480436001311, 0.004722223001297796, 0.005504708458964614, 0.00502992085731692, 0.14592156325651137, 0.14343977895328835, 0.1396771875753727, 0.14622748199348642, 0.14332967675806738, 0.14125382342427167, 0.14495082980102317, 0.14000994292808708, 0.137202606436222, 0.14258375458928302, 0.08873696332146482, 0.008584510349556347, 0.06261959706765717, 0.008488226545521744, 0.022303544269846116, 0.0271323502949615, 0.014931875207989203, 0.006422483479719179, 0.010191649690995714, 1.0, 0.009665511731858121]"
mst,0,all-mpnet-base-v2,2,ArxivClusteringP2P,149982,0.3878046026766448,"[0.40742994282232187, 0.384237191780768, 0.4084779117031546, 0.40034805298109877, 0.3963436039240484, 0.38816575043180285, 0.3782528192157369, 0.39605296086530595, 0.4003153430772991, 0.3627540215745231, 0.45743273807996326, 0.45692469402731356, 0.4653483955150912, 0.4601808634504191, 0.45978842454079827, 0.4618633695821726, 0.4687122611186331, 0.4559873539891105, 0.46219034782246626, 0.46536941182344616, 0.39860896365017706, 0.11218613944970315, 0.3748681751500843, 0.30340321303337137, 0.25593762909815526, 0.19386334138563457, 0.21758656366167461, 0.16345902800588624, 0.24299951340834502, 1.0, 0.2228546578074805]"
mst,0,all-mpnet-base-v2,3,ArxivClusteringP2P,199950,0.4505470389408781,"[0.45121201520149856, 0.46490043906568435, 0.48160462179996183, 0.46060072603176355, 0.4779522387084202, 0.4682396238542663, 0.46858276615748046, 0.454305328258668, 0.4704475835324388, 0.47643401676428754, 0.5094323198622795, 0.5144187467086137, 0.5138746843435069, 0.509341231771563, 0.5154451026292416, 0.5168351587547717, 0.5094838106431812, 0.5137451465899132, 0.5084567187267547, 0.5107130879755358, 0.46672808521759457, 0.24715055194939525, 0.42886712691042306, 0.3991509509354221, 0.3214462577918014, 0.24516646662440242, 0.277376720057924, 0.22357125557467952, 0.2944098015020489, 1.0, 0.26706562322369876]"
mst,0,all-mpnet-base-v2,6,ArxivClusteringP2P,349898,0.4662098039334579,"[0.4739829797590992, 0.47701130504774764, 0.4892793332673412, 0.46976847658260035, 0.4983668586088983, 0.49397906232653277, 0.48274196467222363, 0.4954260869562058, 0.4844588460887486, 0.47887312048512776, 0.5246414496735807, 0.5285245354923621, 0.5320159320942138, 0.5311267176152142, 0.5304821169802123, 0.5341107215277926, 0.5262016870175509, 0.5327484845591122, 0.5297896868024712, 0.5315220728783566, 0.48357264413891543, 0.2581210234933942, 0.45403388552136315, 0.4136251140329509, 0.3305443133147308, 0.2775960551811385, 0.270132847736141, 0.23425578021431784, 0.30535668658142356, 1.0, 0.2802141332874282]"
mst,0,all-mpnet-base-v2,8,ArxivClusteringP2P,449826,0.4687835603567751,"[0.49217132503351413, 0.45550871846998364, 0.46643207083361987, 0.48949660548019797, 0.5076056610240949, 0.4777329847072205, 0.4736428323624123, 0.49968594165723446, 0.49638942530956187, 0.5038354019266704, 0.5345912245216352, 0.5335443683907657, 0.525760156509332, 0.5337710258024186, 0.5314306332270461, 0.5338422134201753, 0.5314768254683804, 0.5330213340209602, 0.5349519616256804, 0.5338724007024561, 0.4868710788638299, 0.25597258899278563, 0.45442959451080883, 0.4248162238640013, 0.34060236635754576, 0.2821464751816574, 0.26906399894880284, 0.23794939950735214, 0.2982826535847159, 1.0, 0.2933928807551715]"
mst,0,all-mpnet-base-v2,10,ArxivClusteringP2P,549752,0.4713475803253121,"[0.48823378027017766, 0.48403903464432646, 0.4988914230091954, 0.48193380938283487, 0.49618715413530745, 0.4987587166410164, 0.47482868845245224, 0.5059102906973244, 0.5049841328144171, 0.4863437007628746, 0.5374155040037064, 0.5384318434007145, 0.5370244250886754, 0.5304255028402954, 0.5377323003999112, 0.5336404369170599, 0.539809983743003, 0.5367491360264469, 0.5389106668611874, 0.539457377120276, 0.49651678346892475, 0.24278222320458961, 0.4617946428562026, 0.4069200039050868, 0.3313620615981948, 0.2728496732258287, 0.2766198740201131, 0.23428111827149337, 0.30239887745592325, 1.0, 0.29654182486711383]"
mst,0,all-mpnet-base-v2,15,ArxivClusteringP2P,799486,0.47371162047252346,"[0.5015124048736328, 0.4858847327601953, 0.4984900804322664, 0.4876028287262962, 0.5004494985652074, 0.5021834427074916, 0.5013804067078078, 0.4960478665123565, 0.4928248913401561, 0.49112303857252654, 0.5386170364977444, 0.535377154483749, 0.538150859797211, 0.540326979073935, 0.5390753144730434, 0.5408496253920458, 0.5365122783009543, 0.5406195800718413, 0.5379233150137365, 0.5399431050366545, 0.4966364152075376, 0.2647872409332703, 0.4622771398948248, 0.40377726224219135, 0.3323763796393569, 0.28158280029149385, 0.27152551205751835, 0.23730878674501327, 0.31351117365306386, 1.0, 0.2763830846451072]"
mst,0,all-mpnet-base-v2,20,ArxivClusteringP2P,1049110,0.4708659711618563,"[0.5024218514792872, 0.47635419136988977, 0.470924055119029, 0.49092581397682516, 0.49186638163529717, 0.4980173660717765, 0.5002348887221759, 0.5027938642026499, 0.49604903678230106, 0.4897078665477847, 0.5336939265967968, 0.5388106176300076, 0.5360824780885516, 0.537645231846946, 0.5422935073108743, 0.536825360852531, 0.5347106047434038, 0.5376131618248942, 0.5406192698552247, 0.5380040560450391, 0.4995191408924971, 0.22850896033722942, 0.45933838596239507, 0.41086272164563703, 0.3330623697525413, 0.28143023742720635, 0.2614764170235984, 0.23450871152953381, 0.3042746793924876, 1.0, 0.28826995135313355]"
mst,0,all-mpnet-base-v2,1,RedditClustering,50718,0.35841697571184683,"[0.3561478634217804, 0.41259406674659016, 0.30932177128213956, 0.3363163016886861, 0.3572247795409565, 0.34203677711484076, 0.36936225555998214, 0.3200052190167036, 0.3317636078394144, 0.31638262634925823, 0.34503110117034913, 0.40469333953008835, 0.3363297474959005, 0.3713862957556394, 0.4093335573568759, 0.3413161960738481, 0.36894506646055436, 0.47061782021445314, 0.35712191577331687, 0.3364598178813644, 0.31411678478215554, 0.33531878501506523, 0.4369356113032107, 0.34949196470144106, 0.3321711207215568]"
mst,0,all-mpnet-base-v2,2,RedditClustering,101432,0.5200546223183757,"[0.5286923380232943, 0.6058692181376514, 0.4789745180705253, 0.49763778554918947, 0.5147414623620674, 0.49663891857031084, 0.563865551936588, 0.46335754551451924, 0.49260354616166435, 0.49820131699520936, 0.47389955800076744, 0.585485037033186, 0.5114323242004437, 0.5085956730132177, 0.64388061449363, 0.4659459733710506, 0.5485357995448834, 0.6616508515946775, 0.46516984122050226, 0.4648184560969215, 0.4811773969912368, 0.5004118348954065, 0.5838725709835306, 0.53017028544403, 0.4357371397548881]"
mst,0,all-mpnet-base-v2,3,RedditClustering,152142,0.5404147651223313,"[0.5760907131002747, 0.6087959559211392, 0.4968217767181106, 0.509051260398437, 0.5249280261620338, 0.5094838481168329, 0.5714603993034357, 0.4848024399054113, 0.5114770415833998, 0.5213274833621728, 0.49906822663632305, 0.5891827785939133, 0.5433282295828793, 0.5380582081161264, 0.6647745900421331, 0.5002569745231897, 0.5769792819442373, 0.658550971434838, 0.49626017355409663, 0.5012561258216173, 0.48307589358967634, 0.5024268771818139, 0.6517595665943673, 0.5290749394911205, 0.462077346380702]"
mst,0,all-mpnet-base-v2,6,RedditClustering,304248,0.5617937663676351,"[0.5968612486547878, 0.6098965011756112, 0.5093667265966099, 0.5142333883059098, 0.5573904862398396, 0.5345742881222482, 0.5935227625767635, 0.49912573643104996, 0.5465002005290837, 0.5315093999680349, 0.5212425236045481, 0.6482077290864363, 0.5579377615217505, 0.5583743593748168, 0.6481026281036226, 0.5175847597599985, 0.5724352756808783, 0.6721913998955161, 0.512362732834448, 0.524005228962728, 0.5151003698209401, 0.5337348093586302, 0.6830763621562808, 0.5727548313639033, 0.5147526490664402]"
mst,0,all-mpnet-base-v2,8,RedditClustering,405632,0.5670545224272666,"[0.6096420091152303, 0.6437196765971547, 0.5168004553168285, 0.5457624277331558, 0.5559990480676645, 0.5380912029007953, 0.6019338668638641, 0.5156665542708706, 0.5364683376682603, 0.5406149715757996, 0.5125580860932716, 0.6277193440473318, 0.5527148532883427, 0.5678896084881345, 0.671013995251618, 0.5241291934967655, 0.6008256113239633, 0.6252282327523924, 0.5210792610930179, 0.5364021116289864, 0.5177350656599773, 0.5340752637608357, 0.6846693227077094, 0.5819347940511493, 0.513689766928546]"
mst,0,all-mpnet-base-v2,10,RedditClustering,507000,0.5648040856367583,"[0.5978713534349798, 0.6364546301264097, 0.5178602099423637, 0.5360854746985642, 0.5722803263927781, 0.5357133600935224, 0.6028414551002881, 0.5019555601543897, 0.5359853493759764, 0.5355204899869185, 0.5209222952503229, 0.6429585563617678, 0.5684270447809338, 0.5691311879312312, 0.6533415422604568, 0.5235000595182838, 0.5872545099391002, 0.6173840400641265, 0.5374117688521356, 0.5299738447261491, 0.5093827914381529, 0.5274339638597381, 0.6722143914685597, 0.562385189016865, 0.5258127461449429]"
mst,0,all-mpnet-base-v2,15,RedditClustering,760350,0.5718003792430427,"[0.604445478704198, 0.6390740359764615, 0.526191383171688, 0.560647567165315, 0.5726149728787644, 0.5458107173461301, 0.6148864076660147, 0.5265290105727526, 0.537604515566534, 0.5411824524773838, 0.5172474222147649, 0.6461022072803432, 0.5697906252156819, 0.5686264824228066, 0.6694587573114724, 0.5292030372180224, 0.5863194324788908, 0.6145033005314955, 0.5553137901958507, 0.5291014903423873, 0.5120913927506242, 0.5411307909382882, 0.6723788302587232, 0.5916900763620802, 0.5230653040293948]"
mst,0,all-mpnet-base-v2,20,RedditClustering,1013600,0.5671220822649572,"[0.5939015386273494, 0.6298399788341509, 0.5105780982097247, 0.5490388684674801, 0.5687916955716731, 0.5395125307799733, 0.584731589544945, 0.5214069450877792, 0.5344314385650112, 0.545316175840017, 0.5309227542698379, 0.6090513854068337, 0.549914567551081, 0.5793884878050609, 0.6734812109238564, 0.5156930929330577, 0.5749358975291274, 0.6129116701174625, 0.5523399624932823, 0.535337527205888, 0.5227908470628309, 0.5452134352613486, 0.6762289544425428, 0.5964509733627532, 0.5258424307308622]"
mst,0,all-mpnet-base-v2,1,BiorxivClusteringS2S,9998,0.20097376739878609,"[0.1903486054498453, 0.1949364034613811, 0.18694246733998518, 0.19103708788024665, 0.18970331771731333, 0.22076831928428897, 0.2085143409773754, 0.21473205985453908, 0.20692055841159146, 0.20583451361129457]"
mst,0,all-mpnet-base-v2,2,BiorxivClusteringS2S,19992,0.2917473444808985,"[0.2931661098291585, 0.2942447822795889, 0.29567129847618673, 0.2895528878559392, 0.284097891112117, 0.2860138827618805, 0.29862450020435166, 0.2911345073580062, 0.295574673858508, 0.2893929110732481]"
mst,0,all-mpnet-base-v2,3,BiorxivClusteringS2S,29982,0.3115839042263218,"[0.31685774825189966, 0.30475489995517163, 0.30601289565989276, 0.3197068835894518, 0.3054495231661655, 0.3129021245107914, 0.3190217377920106, 0.3150700696076082, 0.2943011489757822, 0.32176201075444466]"
mst,0,all-mpnet-base-v2,6,BiorxivClusteringS2S,59928,0.32369109325720075,"[0.3143563804850746, 0.31511361543694066, 0.3040638018985058, 0.3227921099809881, 0.31704208333425127, 0.32965541534633147, 0.33244741237466807, 0.3379342317079565, 0.3306195797492094, 0.33288630225808175]"
mst,0,all-mpnet-base-v2,8,BiorxivClusteringS2S,79872,0.32541011221776006,"[0.31973162395107574, 0.3263449100512588, 0.32693525730555506, 0.32384317878548874, 0.3274196374892313, 0.33592830915247496, 0.3300064536975054, 0.32407732459936445, 0.3188382962014066, 0.3209761309442395]"
mst,0,all-mpnet-base-v2,10,BiorxivClusteringS2S,99800,0.3223780443589443,"[0.31841348998375196, 0.3117954972876149, 0.30817969695586733, 0.3200716602311992, 0.3251910767016741, 0.3397402358972106, 0.3191702632643531, 0.32506223942598855, 0.3201716479280376, 0.3359846359137457]"
mst,0,all-mpnet-base-v2,15,BiorxivClusteringS2S,149550,0.32670252251112075,"[0.3127401543626958, 0.32295599663460856, 0.3229956505274168, 0.32732799069001917, 0.31639495224271075, 0.33092559097796687, 0.32656208644584134, 0.34581702751846843, 0.3218447275646286, 0.33946104814685074]"
mst,0,all-mpnet-base-v2,20,BiorxivClusteringS2S,199200,0.33112281849661884,"[0.32859985103487105, 0.34180204032351386, 0.3288129138476822, 0.3070166945893424, 0.3263500142299314, 0.338274161115787, 0.344932793119221, 0.34638970189529555, 0.3213481410519713, 0.32770187375857285]"
mst,0,all-mpnet-base-v2,1,MedrxivClusteringP2P,4998,0.29345246078173753,"[0.28493050828717853, 0.2676300027603518, 0.28124184068667224, 0.2700819576250971, 0.2684054108232411, 0.3182953470835085, 0.31014958604664467, 0.3129717899051814, 0.3107389224146993, 0.3100792421848004]"
mst,0,all-mpnet-base-v2,2,MedrxivClusteringP2P,9992,0.32000945311507295,"[0.3063456310429822, 0.30383677877136855, 0.3078891734694985, 0.30868698973964676, 0.305508791639364, 0.3286940814504497, 0.3244091315605913, 0.331403421473705, 0.3499946688123143, 0.3333258631908094]"
mst,0,all-mpnet-base-v2,3,MedrxivClusteringP2P,14982,0.3251366230379865,"[0.30223683726537964, 0.3135672484932755, 0.3185414872008595, 0.3010753143129001, 0.3192727210209019, 0.3536842067632194, 0.3300219825838954, 0.34631911752620326, 0.33784713347532724, 0.3288001817379038]"
mst,0,all-mpnet-base-v2,6,MedrxivClusteringP2P,29928,0.3334185441849802,"[0.31924103168402734, 0.32507545841869945, 0.3192105062582015, 0.31482657405065817, 0.32382477847962576, 0.3430074392726049, 0.3430478755402587, 0.35264429173668677, 0.3508903298872125, 0.3424171565218267]"
mst,0,all-mpnet-base-v2,8,MedrxivClusteringP2P,39872,0.3360897965646002,"[0.3236662256884466, 0.32590762360477066, 0.32804488180632657, 0.3170478999912582, 0.3287812020984297, 0.3588849100010353, 0.34511556382625425, 0.3533966472172226, 0.3382997760287622, 0.3417532353834957]"
mst,0,all-mpnet-base-v2,10,MedrxivClusteringP2P,49800,0.3360292905760983,"[0.3238314838222517, 0.3251905570972188, 0.32703181802567083, 0.31882981180668635, 0.32844509213018985, 0.3599372753180038, 0.3345480227922251, 0.3503977424519567, 0.3410754967615344, 0.3510056055552459]"
mst,0,all-mpnet-base-v2,15,MedrxivClusteringP2P,74550,0.3399070741513415,"[0.32725365186586197, 0.3313355431615504, 0.32398925140762047, 0.3249444888088797, 0.3339074225480933, 0.3550621165971174, 0.3518678468607185, 0.35545559954757106, 0.34779293275923945, 0.34746188795676297]"
mst,0,all-mpnet-base-v2,20,MedrxivClusteringP2P,99200,0.3361350919899559,"[0.3211604943757532, 0.317921946988671, 0.3258307261985963, 0.32089740943980133, 0.3254353671577398, 0.35711588754870016, 0.3502974580903014, 0.35259175431026174, 0.34360550492268854, 0.3464943708670453]"
mst,0,all-mpnet-base-v2,1,BiorxivClusteringP2P,9998,0.24722873399089734,"[0.22603758315254371, 0.2406026390337751, 0.218449432514214, 0.24027077658346824, 0.22609911110278946, 0.26619632070481475, 0.2642723093616081, 0.24775164299164174, 0.2595626164664375, 0.28304490799768095]"
mst,0,all-mpnet-base-v2,2,BiorxivClusteringP2P,19992,0.3324949215365557,"[0.3218187196078715, 0.34369913252039624, 0.31867209421485865, 0.3366407520438792, 0.3101590300953219, 0.3467220601417304, 0.32987718817602607, 0.3430389630551538, 0.33073871085121265, 0.3435825646591066]"
mst,0,all-mpnet-base-v2,3,BiorxivClusteringP2P,29982,0.3514852020490574,"[0.3452009653954211, 0.35939976439166277, 0.35496975270859044, 0.34980671476745917, 0.340186315009133, 0.3625841932510657, 0.35506011377940594, 0.3526156683152565, 0.3525865351506406, 0.342441997721939]"
mst,0,all-mpnet-base-v2,6,BiorxivClusteringP2P,59928,0.36495631532423983,"[0.3579280115503519, 0.3669252005552901, 0.367604161921069, 0.35807836365314133, 0.3592387974566066, 0.37027331198915203, 0.35727903532857513, 0.3743810363655926, 0.35545568418842916, 0.38239955023419114]"
mst,0,all-mpnet-base-v2,8,BiorxivClusteringP2P,79872,0.36728544074117064,"[0.35480641778915684, 0.3779912612373885, 0.3763349121486325, 0.3551743393925698, 0.3639611391029109, 0.3746759070434064, 0.3643038597200901, 0.38283966414737197, 0.34667758859975917, 0.3760893182304197]"
mst,0,all-mpnet-base-v2,10,BiorxivClusteringP2P,99800,0.37211294898531583,"[0.3658578955740857, 0.3765756256638131, 0.37440344157493693, 0.36209733786069753, 0.3682806574623953, 0.3808756988042393, 0.38329447213787526, 0.37967695880135643, 0.35310624056308276, 0.3769611614106765]"
mst,0,all-mpnet-base-v2,15,BiorxivClusteringP2P,149550,0.37560053870586724,"[0.3633616033860508, 0.386097372662066, 0.37329980109941646, 0.36752448728036224, 0.36475626992755295, 0.38567116616959174, 0.38552213398656915, 0.37754506472479227, 0.36612209598203066, 0.3861053918402404]"
mst,0,all-mpnet-base-v2,20,BiorxivClusteringP2P,199200,0.3759509285713589,"[0.35905118486848947, 0.38529644351717623, 0.36554239150039, 0.3610195074497415, 0.368414514101759, 0.3884356556318193, 0.3867671540470226, 0.38837680818622267, 0.3729964545826525, 0.38360917182831616]"
mst,0,all-mpnet-base-v2,1,ArxivClusteringS2S,99996,0.08292033817554798,"[0.004343131718889087, 0.004627445768676735, 0.00532353958837919, 0.004351581611644997, 0.0049664553882360265, 0.0040052030063006125, 0.003937472833732502, 0.003988978691718013, 0.004470777744861301, 0.0033605502240817305, 0.1289143892543059, 0.12907744855448458, 0.12725698241434014, 0.13222201830724187, 0.12803485506864193, 0.1288567719151872, 0.12869245216366998, 0.12741201153086007, 0.12760782377250265, 0.12886533875562137, 0.082420064967596, 0.00967178064597886, 0.05347601150942479, 0.008721936930522414, 0.021783708636159173, 0.024921728392203506, 0.013895535854909257, 0.006452876750227029, 0.009615327790004138, 1.0, 0.009256283651585956]"
mst,0,all-mpnet-base-v2,2,ArxivClusteringS2S,149984,0.3246999903112855,"[0.3358852446396361, 0.30758352235842634, 0.3442382347000173, 0.3339839241146701, 0.32814252406322764, 0.32947413474472065, 0.3370474813530552, 0.3419405996462524, 0.3363338652532066, 0.32355735320178564, 0.3771132886362358, 0.364095653161197, 0.36988620460038113, 0.3716267646149557, 0.3542837059856635, 0.35857353485278953, 0.37289221076041656, 0.37521341321068025, 0.3633993774263052, 0.3650097537528764, 0.3238332291867956, 0.1582522243618559, 0.24826900988860576, 0.295837108960741, 0.22394027364574356, 0.14248830077809582, 0.19769341129461845, 0.1241460825856341, 0.20265086959666745, 1.0, 0.15830839827459284]"
mst,0,all-mpnet-base-v2,3,ArxivClusteringS2S,199976,0.3811698902364274,"[0.3808062303992056, 0.38871191534374055, 0.38519098089246434, 0.39766461333922004, 0.40688353028026925, 0.406089870188544, 0.4110695768643156, 0.4088544395718401, 0.4133991853832651, 0.41015495841411215, 0.4220689696877629, 0.4188605954848212, 0.4174133666000298, 0.42298556163500534, 0.4059031407967784, 0.42254536151441935, 0.41428508892952004, 0.4168878443380177, 0.42145456246267177, 0.41144643086744614, 0.38914827163195564, 0.2252961587121906, 0.3064561945003412, 0.35557936727654205, 0.2687671518865407, 0.19416918154968235, 0.2519092084200846, 0.1744024525160032, 0.24187895332980835, 1.0, 0.2259834345126519]"
mst,0,all-mpnet-base-v2,6,ArxivClusteringS2S,349906,0.39573952083660646,"[0.41303808487567545, 0.42253765659894843, 0.4137652480177478, 0.4122703533283486, 0.4110366688634641, 0.42914213006390944, 0.41067904488023965, 0.39884532719620797, 0.4186416432506412, 0.42208818163743406, 0.4316989973924452, 0.43760987398802037, 0.4390600229148482, 0.4359834307289056, 0.42908857166895137, 0.4364974222449191, 0.4413081023965995, 0.4278427035761785, 0.44265918408545535, 0.42505271116801524, 0.4146151785889871, 0.22575736379879893, 0.3249599235749407, 0.35804003816551, 0.2895337576172878, 0.21788306851398317, 0.27698880423817496, 0.17394789158738921, 0.2719666884573454, 1.0, 0.21538707251542857]"
mst,0,all-mpnet-base-v2,8,ArxivClusteringS2S,449840,0.3971769792277703,"[0.4194828605253493, 0.39266061754646253, 0.42644473814361983, 0.41134332569432946, 0.4168457312199596, 0.4214382227327758, 0.42523501817397424, 0.4184035249513622, 0.42774801984924365, 0.41441972790755355, 0.4399111001572571, 0.4318542258844522, 0.4345868987907402, 0.44236092818993344, 0.4400188067189177, 0.43827390361346263, 0.43491786194653603, 0.4359829576252888, 0.43170134066939336, 0.4439868541591272, 0.4170284333778354, 0.21675289529528796, 0.32563269266830924, 0.3787584797888386, 0.28783186539937106, 0.22073462582732647, 0.2774648436729613, 0.17488625552304127, 0.2595994111434345, 1.0, 0.20618018886473755]"
mst,0,all-mpnet-base-v2,10,ArxivClusteringS2S,549750,0.3991165972990509,"[0.4173780585616425, 0.4162694353073516, 0.4217065042641597, 0.41559744912591023, 0.42115921594296357, 0.4214277642175046, 0.43245856968586577, 0.42427589342779826, 0.4273819468281871, 0.420892937275871, 0.43617340055800063, 0.44384555287257565, 0.43491392189603556, 0.4401268302137568, 0.43603771886550985, 0.435190198947954, 0.4448032912501124, 0.44108993984484396, 0.4387426884835739, 0.4448927190816493, 0.4156401313041226, 0.22404820437645687, 0.33079236219871705, 0.3675168726378427, 0.28275613033241165, 0.21351299508392824, 0.27640717957316824, 0.17372825945158935, 0.2573963290325674, 1.0, 0.2164520156285073]"
mst,0,all-mpnet-base-v2,15,ArxivClusteringS2S,799488,0.399037636406556,"[0.4163112067864098, 0.4252981765255314, 0.4082547103010875, 0.4212083481134481, 0.4194548402888888, 0.3841680189778868, 0.41566199029552975, 0.41770387777538065, 0.4258020145117111, 0.42927496959117223, 0.44894287009328954, 0.4465163487776058, 0.4425724058305417, 0.4396423260519334, 0.4431770558426524, 0.43968189904616634, 0.44616568755141733, 0.4514910121594251, 0.4344265719486666, 0.44864589580586955, 0.42285909711932, 0.19805742231120313, 0.32271389399697764, 0.37102836639070574, 0.29024524030502175, 0.208402581555183, 0.2662089796909096, 0.1837480064625401, 0.27126581457339394, 1.0, 0.23123709992336777]"
mst,0,all-mpnet-base-v2,20,ArxivClusteringS2S,1049120,0.39532101693733274,"[0.40901340043625606, 0.4205811006026531, 0.4174876505351385, 0.41017353169540305, 0.40871947392271996, 0.397997912421628, 0.3926817371814807, 0.4184820256666976, 0.42346177845112354, 0.3891233390338487, 0.44716139041185754, 0.4492702582405793, 0.4433501495544282, 0.44429150587196975, 0.44235210632963234, 0.4419742542608208, 0.45293387403839547, 0.44683250703525695, 0.44158842408319143, 0.4444414963685432, 0.42154956883904277, 0.20526010257883093, 0.3254697596454831, 0.37775945882985607, 0.2814158205466784, 0.20411863531681546, 0.2386344634623564, 0.18183054956822645, 0.2547092688618845, 1.0, 0.22228598126651675]"
mst,0,all-mpnet-base-v2,1,StackExchangeClustering,78726,0.031505970156364256,"[0.02803499652817039, 0.025116633122346042, 0.03332904828673473, 0.030115692073197368, 0.019923636789863558, 0.035710786491949004, 0.033905481406839064, 0.027412649374542422, 0.03515976452110919, 0.03855427088622532, 0.022579810087909342, 0.027154311289696274, 0.025698914501468943, 0.022558739507602156, 0.04493101503694913, 0.033552848551958496, 0.03608520918838388, 0.02299465632680183, 0.03910287000573574, 0.03755762807246155, 0.04322022685627594, 0.029746288502024116, 0.028807749792579017, 0.03107144172833641, 0.03532458497994665]"
mst,0,all-mpnet-base-v2,2,StackExchangeClustering,118076,0.5160622261528179,"[0.5058830967557487, 0.4982025727702424, 0.4503414491924312, 0.5546471337668779, 0.47598791172242394, 0.4624498776651884, 0.48682020719666486, 0.6263468383671291, 0.5172605360363817, 0.46600899827553555, 0.5956636202771557, 0.6004932678013719, 0.6083570132787781, 0.6208318008888891, 0.47337073698907334, 0.5025019277049021, 0.49175945651653474, 0.4955610400397337, 0.4967953435749394, 0.4847872401265301, 0.5146043184029404, 0.4517389010278092, 0.46753833897611496, 0.5554500748254598, 0.4981539516415926]"
mst,0,all-mpnet-base-v2,3,StackExchangeClustering,157424,0.5996820398457521,"[0.6180195204286875, 0.5995548710854423, 0.5132361175448293, 0.6663818030802838, 0.5686825454681612, 0.547838405705871, 0.5484766209406639, 0.719847584278354, 0.6095052603103958, 0.5551803589476466, 0.7060016790947294, 0.7327711317567168, 0.7426701427425824, 0.6668345735380161, 0.5521116439529564, 0.5721652242704789, 0.563622161637946, 0.5606190907762053, 0.5497416095436671, 0.5419572969181903, 0.5897112465725809, 0.5360860464459646, 0.5562648357353794, 0.6037255765016473, 0.5710456488664057]"
mst,0,all-mpnet-base-v2,6,StackExchangeClustering,275454,0.6169369756411709,"[0.648630370837429, 0.6004348501866325, 0.5219366707140332, 0.666225761265966, 0.5869924045484293, 0.5804917685495411, 0.5737429055779116, 0.7278342123445698, 0.6192731907242762, 0.5822151794097283, 0.7444687222071587, 0.7026262665925758, 0.7343440691387804, 0.673277054074558, 0.5800314626167951, 0.6083605573634256, 0.6028522369971895, 0.600669834633947, 0.574441196579454, 0.5684130453856915, 0.5889684811908632, 0.5652514170362598, 0.5568255104264088, 0.6287777330987092, 0.5863394895289427]"
mst,0,all-mpnet-base-v2,8,StackExchangeClustering,354110,0.6266028170119905,"[0.654516494254758, 0.603569368002971, 0.5240996226691621, 0.6551613360804824, 0.6235141381964359, 0.593603099086046, 0.5649527703703165, 0.7156180200191692, 0.6243997963939043, 0.5801854383228007, 0.7681490319218848, 0.7549564679960362, 0.7536728035246156, 0.7095346731539705, 0.5740114629910787, 0.6061245146719048, 0.6045692275267704, 0.5988682564449326, 0.5847500815965837, 0.5694966334834559, 0.6013154338403552, 0.5782704546987664, 0.5708877440542586, 0.6497591228159191, 0.6010844331831846]"
mst,0,all-mpnet-base-v2,10,StackExchangeClustering,432784,0.6235140687111899,"[0.656130749283826, 0.5913268013645612, 0.5168491247019397, 0.6566156530972342, 0.611829533813582, 0.6065299385575267, 0.5804504879509597, 0.7539619583949332, 0.6364001520931354, 0.5719177060831337, 0.721583235746972, 0.7420510193753342, 0.7545881043675043, 0.6659911550161867, 0.5709100730294098, 0.6155808556299603, 0.6074190556793064, 0.5977753573432081, 0.579796440581067, 0.5693490161885167, 0.6060259478786428, 0.5681542157996408, 0.5651146551612894, 0.6390520430114517, 0.6024484376304259]"
mst,0,all-mpnet-base-v2,15,StackExchangeClustering,629296,0.6224914010159724,"[0.641170784083945, 0.6060150743411558, 0.536910800337083, 0.67060041552026, 0.6014768065494943, 0.5772397226219266, 0.5745014159125382, 0.726458519919844, 0.6399329706395642, 0.5910730349607519, 0.7696212380062252, 0.6848513376597135, 0.7524568983971223, 0.7222343906117542, 0.570178116867665, 0.6071057625427283, 0.5924940419838569, 0.5903049964491358, 0.5828178583396304, 0.5675965113562695, 0.5971413977020463, 0.5928852732010073, 0.53865587652831, 0.6368292881527498, 0.5917324927145339]"
mst,0,all-mpnet-base-v2,20,StackExchangeClustering,825738,0.6139532690909576,"[0.6204757134778471, 0.5990351367625072, 0.5204441237424714, 0.6269200087254726, 0.5722380585759311, 0.599743088954126, 0.5760112337016778, 0.7212840972846292, 0.6473420690126077, 0.5879480634046282, 0.7233595339724118, 0.7275846758352794, 0.7502617713801639, 0.7100385360511711, 0.5605541042806098, 0.5933148363836036, 0.5812085285381038, 0.5720948548600241, 0.5767562717356418, 0.558070814627568, 0.5778063065019211, 0.5571920775122655, 0.5615016537919388, 0.6314694790980728, 0.5961766890632686]"
mst,0,all-mpnet-base-v2,1,MedrxivClusteringS2S,4998,0.267085012502765,"[0.23750596037404662, 0.2448218354271281, 0.24534967391057888, 0.24211183194738867, 0.24802494291713015, 0.2951884444005118, 0.28607545190762956, 0.2904238206879687, 0.29292412889508296, 0.288424034560185]"
mst,0,all-mpnet-base-v2,2,MedrxivClusteringS2S,9992,0.28592656339270767,"[0.26390219882403376, 0.26899366324777807, 0.2834038776013724, 0.2640345937327072, 0.27853162034869233, 0.3074664745063321, 0.3028691687043151, 0.29162239161564246, 0.29973967749480257, 0.2987019678514005]"
mst,0,all-mpnet-base-v2,3,MedrxivClusteringS2S,14982,0.29872926846265274,"[0.2814613942253525, 0.2877400071650538, 0.2827838680515287, 0.28604914108868273, 0.28677932121810323, 0.3122185532208575, 0.308937625473792, 0.32577965235530804, 0.30964687164253657, 0.30589625018531225]"
mst,0,all-mpnet-base-v2,6,MedrxivClusteringS2S,29928,0.3077794879560484,"[0.2866434297567155, 0.2959077457384734, 0.2860521964538807, 0.2931545503316238, 0.2939980296923737, 0.3105134714425179, 0.3179213910127384, 0.3351567899379256, 0.3246635619155884, 0.3337837132786473]"
mst,0,all-mpnet-base-v2,8,MedrxivClusteringS2S,39872,0.3117667675386184,"[0.3059906463574322, 0.2985436224243081, 0.2882721696676401, 0.2947360419638842, 0.2959751723217778, 0.33155617780645796, 0.32712602561788057, 0.33788709359671104, 0.31838042417541074, 0.3192003014546812]"
mst,0,all-mpnet-base-v2,10,MedrxivClusteringS2S,49800,0.31695076627430796,"[0.29574128441076414, 0.30708232347197345, 0.3052422346448779, 0.31080366216216476, 0.3187138229740434, 0.32871510189131337, 0.31980680358111596, 0.3353002316382395, 0.3213959691079058, 0.32670622886068185]"
mst,0,all-mpnet-base-v2,15,MedrxivClusteringS2S,74550,0.3183829389101151,"[0.2953045181538466, 0.30281494006524773, 0.3017251858879517, 0.3023888236362607, 0.3063605586670293, 0.33231997524740164, 0.33471203054861365, 0.3444324214153987, 0.3387833051761794, 0.32498763030322164]"
mst,0,all-mpnet-base-v2,20,MedrxivClusteringS2S,99200,0.3196085726600569,"[0.3018635960471182, 0.3150642935121316, 0.3032146576372101, 0.3006098866991216, 0.30914355026107976, 0.32909104348458973, 0.33443159112419285, 0.34360255151593033, 0.33512857178608635, 0.3239359845331085]"
mst,0,all-mpnet-base-v2,1,StackExchangeClusteringP2P,19996,0.2876675749222237,"[0.2621815512662552, 0.2601065294373742, 0.26272637390576153, 0.256998176024024, 0.26156120140084055, 0.31878551843391223, 0.31561649804895053, 0.30382494427584705, 0.32138719756354694, 0.3134877588657253]"
mst,0,all-mpnet-base-v2,2,StackExchangeClusteringP2P,29978,0.33070375875362945,"[0.3124671975403964, 0.30936756561535056, 0.3069888696244452, 0.3024105168007041, 0.3163583320417556, 0.36070072277642495, 0.34678561558067456, 0.34852442484928065, 0.35128359434713885, 0.3521507483601231]"
mst,0,all-mpnet-base-v2,3,StackExchangeClusteringP2P,39976,0.34392804297952073,"[0.3298516393015769, 0.32633950556296826, 0.3240851910081453, 0.3170686590950109, 0.32832511289100647, 0.3719859879214348, 0.35628027611930624, 0.3591056477395187, 0.35848606144922796, 0.3677523487070121]"
mst,0,all-mpnet-base-v2,6,StackExchangeClusteringP2P,69902,0.35539542730450496,"[0.34164313542540337, 0.33720346374398263, 0.3364018225383137, 0.33045681537694244, 0.3359014461959978, 0.3801422161541654, 0.3682886949368997, 0.3715314520922508, 0.37636790401002285, 0.3760173225710707]"
mst,0,all-mpnet-base-v2,8,StackExchangeClusteringP2P,89834,0.3569089753210608,"[0.3416566613457686, 0.3396228227469629, 0.3404289277085554, 0.32965763031790873, 0.3371867143608969, 0.38129278706142855, 0.3693310170775626, 0.3775105906578219, 0.3743223608627344, 0.37808024107096766]"
mst,0,all-mpnet-base-v2,10,StackExchangeClusteringP2P,109748,0.35921592674035707,"[0.34968363100804184, 0.34411490203197687, 0.3403112957699601, 0.3351502953814254, 0.34107750028984934, 0.38540658649385257, 0.3668181015443375, 0.3743168785322694, 0.3774374937048754, 0.37784258264698245]"
mst,0,all-mpnet-base-v2,15,StackExchangeClusteringP2P,159478,0.3598134879953717,"[0.3448274002763361, 0.3444253783661855, 0.3426097472428542, 0.3365828084312954, 0.34107974274665726, 0.39437671138004105, 0.36813487871521616, 0.37526633942211785, 0.3756937499878683, 0.3751381233851454]"
mst,0,all-mpnet-base-v2,20,StackExchangeClusteringP2P,209112,0.36112757033399445,"[0.34834836522042334, 0.3450632320665424, 0.3410247312121266, 0.34140754895594844, 0.34250099293259156, 0.3844931173490476, 0.37416627643231104, 0.37512656912760406, 0.38159724042578314, 0.37754762961756616]"
base,0,gte-large,1,TwentyNewsgroupsClustering,21816,0.3476380371223698,"[0.3960197025371514, 0.36151382458908854, 0.34366888000365836, 0.33800097521109934, 0.3316856196465222, 0.32337284678761075, 0.3236422698087272, 0.3572157855247605, 0.3476818443407693, 0.35357862277431024]"
base,0,gte-large,2,TwentyNewsgroupsClustering,43628,0.42898395903123426,"[0.4415640290091865, 0.4573647005661479, 0.44586170050733054, 0.44238618407227387, 0.4497380492532473, 0.43483202976709556, 0.44307873604346365, 0.3807371144599585, 0.3567295403775765, 0.43754750625606226]"
base,0,gte-large,3,TwentyNewsgroupsClustering,65436,0.4643120476701596,"[0.4991539717054801, 0.4979259162551424, 0.4591914389555582, 0.46958343500699995, 0.4712511448821537, 0.4518102483838169, 0.4424534186581529, 0.4504002188940712, 0.43998570738771187, 0.46136497657250897]"
base,0,gte-large,6,TwentyNewsgroupsClustering,130836,0.48113230438055743,"[0.5221337377412483, 0.5129026705790395, 0.4821956827530762, 0.43314713797171095, 0.4970948287135897, 0.4729182346935678, 0.4636779581360822, 0.4820290460976541, 0.46034202290867604, 0.4848817242109302]"
base,0,gte-large,8,TwentyNewsgroupsClustering,174416,0.4862703232172181,"[0.5163383713693128, 0.5105251024680204, 0.4836236337549634, 0.4791881180211208, 0.5242830418532853, 0.4654485226409312, 0.4856449952152974, 0.45138845397675154, 0.4744874597994904, 0.47177553307300735]"
base,0,gte-large,10,TwentyNewsgroupsClustering,217980,0.5035233583493026,"[0.49275934058342463, 0.541302844391428, 0.509338530370108, 0.5013054050548543, 0.5136916512952282, 0.5178926668366906, 0.49763502001280363, 0.5017289102090173, 0.5047679707768284, 0.4548112439626433]"
base,0,gte-large,15,TwentyNewsgroupsClustering,326820,0.5057561071964175,"[0.5117483840091026, 0.5311431604595287, 0.5072586977818941, 0.5413876585235339, 0.5120854695822729, 0.4986056646781557, 0.5050325587354518, 0.4801643464304734, 0.47714349494863073, 0.4929916368151315]"
base,0,gte-large,20,TwentyNewsgroupsClustering,435560,0.5230130801149653,"[0.49357406018023964, 0.5450722116611818, 0.5319361622364052, 0.5207167586128884, 0.5384450376839259, 0.5281342219583813, 0.4966322780148824, 0.5217887368534091, 0.5357601552991322, 0.5180711786492068]"
base,0,gte-large,1,ArxivClusteringP2P,49998,0.3316596089919718,"[0.25982855147089373, 0.2736446547647276, 0.2610768410891992, 0.2842479516595562, 0.25200294497412373, 0.3011965460706704, 0.2689083962977333, 0.26494098023509266, 0.24767759633716074, 0.2763339177073822, 0.42772445711391566, 0.4282066899027952, 0.42121630392881815, 0.42729962106947905, 0.43083007492919123, 0.4238360310414096, 0.43571871103657234, 0.4239086606538233, 0.43021772023627497, 0.42333696783719715, 0.3804669398342384, 0.1424766138107702, 0.31283525309399457, 0.30569763631761193, 0.25559569854335545, 0.17076202152185982, 0.2427139632858582, 0.13368114813278206, 0.18033482850916335, 1.0, 0.19473015734547564]"
base,0,gte-large,2,ArxivClusteringP2P,99992,0.4495117346284145,"[0.47945157397218496, 0.47943553625149726, 0.4828275000318384, 0.48324145778205774, 0.47009624077002576, 0.43164671693642775, 0.4803318916713107, 0.47604843199815144, 0.47496178329740507, 0.48122959238834223, 0.5023122488536206, 0.49654067115444267, 0.4943630066283811, 0.49524180443857674, 0.49306201114555426, 0.49420304210017596, 0.49658567566667755, 0.4981182516845408, 0.4949885998282112, 0.5038022109440987, 0.4614856937974928, 0.19311997149291849, 0.4179244494108902, 0.4537513132235085, 0.3210170492194646, 0.233700614899321, 0.3131534712024974, 0.23766664009065788, 0.32556086010632723, 1.0, 0.2689954624942478]"
base,0,gte-large,3,ArxivClusteringP2P,149982,0.46020761292187373,"[0.4858658895140788, 0.4684086289864656, 0.4884089448250792, 0.4877880318204188, 0.4840932475060595, 0.4738374141384415, 0.4764798707339088, 0.4840603175029568, 0.49269168207086483, 0.49021317298508366, 0.5140070167541856, 0.5200202505484183, 0.5106955623419641, 0.5174422032586792, 0.5171807699240166, 0.5169546239871262, 0.5161074509459732, 0.512591180630921, 0.514090776978681, 0.516714325613906, 0.47026410285058745, 0.27322304102743666, 0.42990006711175466, 0.45114547951359824, 0.3360546357066317, 0.23393190321463836, 0.28064539970209235, 0.2408193274487249, 0.3119229934970354, 1.0, 0.2508776894383598]"
base,0,gte-large,6,ArxivClusteringP2P,299928,0.4653705870200635,"[0.47780535569556754, 0.49286867152735925, 0.4810246123212519, 0.48054457209262347, 0.4556439992624264, 0.5097987118423586, 0.4611230930713309, 0.4706547902350081, 0.4983487091982095, 0.5028480895482074, 0.5304501512383287, 0.5236687189968532, 0.5252368857624209, 0.5227527578565168, 0.5225746134737498, 0.5271091655570329, 0.5227569539440684, 0.5198294164111733, 0.5262970791635426, 0.5244668360620875, 0.4735988849660966, 0.2637387448221366, 0.44414957158852625, 0.45006567829683963, 0.32945930214314256, 0.2498273606501639, 0.31864373631400245, 0.232239278674033, 0.3195320503881125, 1.0, 0.26943040651879907]"
base,0,gte-large,8,ArxivClusteringP2P,399872,0.4667978916539391,"[0.48645742958030985, 0.48511608034413944, 0.4861399506506236, 0.47554890710976583, 0.48964492352499683, 0.4777205809351368, 0.49298193126705125, 0.48908528452972816, 0.48813398822766285, 0.49285331426727025, 0.5353992261818791, 0.5339234201619394, 0.5275812904870939, 0.525509305779051, 0.52247050857364, 0.5272063529283224, 0.5294311945412556, 0.5304610709144066, 0.5298373918148489, 0.5266966839658515, 0.4834741346611203, 0.2820731612790899, 0.4354477885929096, 0.42300862228008307, 0.3425893848441632, 0.24617946428490856, 0.2793668584929525, 0.24778464671531203, 0.30639077238231904, 1.0, 0.2722209719542792]"
base,0,gte-large,10,ArxivClusteringP2P,499800,0.4675716754827074,"[0.489338654745405, 0.4961226290277058, 0.5032842162452957, 0.4912341255672308, 0.49711462519947275, 0.49746578271576836, 0.46709953649736885, 0.4805744788725605, 0.4950963212903285, 0.48866973224570637, 0.5258338682601054, 0.5373107598628425, 0.5282974977051689, 0.5266930456130636, 0.5334202846041143, 0.5319939096349504, 0.5303717758291117, 0.5272704039719877, 0.5337048905696877, 0.535287739732272, 0.48360095812239196, 0.2629329399503596, 0.4427152680297739, 0.41048233024501163, 0.3403889044971181, 0.24975293383317115, 0.2639813764611832, 0.25341769337221676, 0.305520384364928, 1.0, 0.2657448728976253]"
base,0,gte-large,15,ArxivClusteringP2P,749550,0.4680292276152514,"[0.49429754055784375, 0.49780790226021665, 0.49176000235320033, 0.45961796585883363, 0.4773444333563318, 0.5226080005648318, 0.5018710297086225, 0.48488704209246686, 0.49464573547235363, 0.4842048030630773, 0.5362677294420773, 0.5359218130487561, 0.5334822360437631, 0.5348654442020577, 0.5277192537501278, 0.537723449399572, 0.5343210078380686, 0.5377434883307005, 0.5385568595598541, 0.5336854950036143, 0.49642683347868416, 0.2575613475444157, 0.4444715461029561, 0.39635562040585876, 0.3336404111479095, 0.24916296660716805, 0.2672424654214154, 0.23779058207380613, 0.3019924334656486, 1.0, 0.2649306179185625]"
base,0,gte-large,20,ArxivClusteringP2P,999200,0.4712288174542688,"[0.4978770048896156, 0.47032208480011306, 0.4928677864570038, 0.5042869740055206, 0.48709630049814273, 0.4919879496133736, 0.49117259993741363, 0.48541245710109154, 0.48866736006510136, 0.5041147706769561, 0.5351889107760653, 0.5375097215609747, 0.5418548637198815, 0.5336122258535744, 0.5324015198134611, 0.5328266546512505, 0.534158918386069, 0.5389613342268431, 0.5332743788768203, 0.5364510175034832, 0.4903250174836124, 0.26395685305168676, 0.44556474487897124, 0.412608372445445, 0.33606955205716293, 0.2575754790994567, 0.315599177983013, 0.24490491935949896, 0.30978876241803566, 1.0, 0.26165562889269295]"
base,0,gte-large,1,RedditClusteringP2P,124520,0.4901833402482126,"[0.5556545245432642, 0.5373826436095986, 0.5252820180164115, 0.24911779443930793, 0.5440311398738986, 0.49955374646143363, 0.23201422754659037, 0.5977085411451022, 0.5935851557706506, 0.5675036110758677]"
base,0,gte-large,2,RedditClusteringP2P,249036,0.7480960555000311,"[0.6749937306684408, 0.7365260063245246, 0.6345495360711794, 0.648875838387694, 0.7929320604517271, 0.6495106581937806, 0.8591307422074764, 0.8453512836353689, 0.7874359453793638, 0.8516547536807548]"
base,0,gte-large,3,RedditClusteringP2P,373548,0.7414176277219683,"[0.664567093203921, 0.7331193224320816, 0.6773219578783155, 0.7082171599317814, 0.7969321516488166, 0.663443207097152, 0.6995286494210707, 0.8324458622903534, 0.7789043595131124, 0.8596965138030787]"
base,0,gte-large,6,RedditClusteringP2P,747060,0.7225961162817336,"[0.6536238762415308, 0.7452792468907511, 0.6646545880196404, 0.589044770999396, 0.7978885313360874, 0.644547496594973, 0.6933683187424695, 0.8365953219018611, 0.750612666664239, 0.8503463454263878]"
base,0,gte-large,8,RedditClusteringP2P,996048,0.7269558061598431,"[0.6541579547588526, 0.7473968874133475, 0.6641356564208284, 0.5718735744750101, 0.7949882111587581, 0.6454087584056933, 0.7862439318626301, 0.7990453174410057, 0.7594143178400365, 0.846893451822268]"
base,0,gte-large,10,RedditClusteringP2P,1245020,0.732816170925366,"[0.6629609349414867, 0.74481751255141, 0.6580244297069706, 0.6292102844062182, 0.7789037814174795, 0.6376308161465826, 0.783330269139806, 0.8042382332332945, 0.7692490175505289, 0.859796430159884]"
base,0,gte-large,15,RedditClusteringP2P,1867380,0.7209467274509981,"[0.6506852154151093, 0.7369423648031947, 0.647511546858665, 0.5719507590613625, 0.783623072966506, 0.6356872863492377, 0.786320370484851, 0.8205152716855081, 0.7457897690137844, 0.8304416178717617]"
base,0,gte-large,20,RedditClusteringP2P,2489640,0.7012645163208246,"[0.6387304044666996, 0.7280679047599868, 0.635503579982048, 0.5497366634142088, 0.7658884432443441, 0.635363164039338, 0.6552219841067377, 0.8186753573952638, 0.7388734608665906, 0.8465842009330283]"
base,0,gte-large,1,RedditClustering,50718,0.36895292661581663,"[0.38994426168730045, 0.4430103078752525, 0.344934909090682, 0.37902522372882347, 0.3464453361626919, 0.34100795591703625, 0.3638191068258857, 0.3280720977163044, 0.32030488475995633, 0.3349199356478639, 0.3435505961705943, 0.3752784826808526, 0.328847997640417, 0.39552716418558315, 0.4450246687566236, 0.3498393963725688, 0.40905175092142854, 0.44890048868703436, 0.38905890294406076, 0.3602807651327984, 0.3443888454422808, 0.3564789498810378, 0.3884086086623711, 0.37230149329178036, 0.32540103521418806]"
base,0,gte-large,2,RedditClustering,101432,0.5776131546386947,"[0.5924346173808048, 0.671707904769773, 0.5273152923238893, 0.5760249600240975, 0.5730856210232249, 0.534354834542333, 0.6301352597915395, 0.5149727438823652, 0.5302331413475755, 0.5388179769236793, 0.5361358029511843, 0.671440770426853, 0.543534229469099, 0.5766171980943688, 0.662083145733859, 0.5241022940706888, 0.6022192462618084, 0.6486114745098746, 0.5650946711928916, 0.528580604709566, 0.5282275039056048, 0.5484964321128493, 0.6960867369669523, 0.5809400474799263, 0.5390763560725587]"
base,0,gte-large,3,RedditClustering,152142,0.6030845035662293,"[0.6254437105405479, 0.6615526584639093, 0.5592976037508333, 0.605605635970869, 0.606958542043531, 0.5782941246801061, 0.6223348109152231, 0.533330713884986, 0.5803774474535883, 0.5739373452749387, 0.5441753253507815, 0.6635319837146031, 0.5992592820678464, 0.5978937926639281, 0.6983585410060608, 0.5458542382465207, 0.6245143251454299, 0.7001991751430517, 0.5782990164707356, 0.5475310906155609, 0.5542257815631528, 0.5696669545714449, 0.7290501954873446, 0.6113914713608639, 0.5660288227698748]"
base,0,gte-large,6,RedditClustering,304248,0.6178462403862416,"[0.6540957919418606, 0.6834921306929476, 0.578529181266251, 0.63352320967323, 0.6091323421464426, 0.5981173058838092, 0.6429360461831346, 0.571568863252973, 0.5892114854420284, 0.6039136000953801, 0.5657532463093947, 0.6718438779226983, 0.5848179191536463, 0.5926855256112734, 0.7024388877269108, 0.5731667016866657, 0.6651120933595301, 0.6890719903973669, 0.5813526289670065, 0.5937578299948955, 0.5786114375101824, 0.5999072220972218, 0.6971553133188655, 0.6085847667836362, 0.5773766122386887]"
base,0,gte-large,8,RedditClustering,405632,0.6274069389100273,"[0.6658191691847267, 0.6949719300330309, 0.5769776826539788, 0.6387986379934907, 0.6202805767048827, 0.586558804553187, 0.6517163866618072, 0.5780682596564863, 0.5816118496206787, 0.5893762053207602, 0.5776102815291251, 0.7075686469962718, 0.5956387503345744, 0.620303668824249, 0.7507069793248659, 0.5843982546949879, 0.6618918231449585, 0.7010188348983382, 0.5884853497821015, 0.5985058848762023, 0.5729053418708836, 0.5989825960634947, 0.7134124444395948, 0.6402797263318495, 0.5892853872561573]"
base,0,gte-large,10,RedditClustering,507000,0.6276874540586644,"[0.6570521704245771, 0.6917636929408457, 0.5876011940633934, 0.6417828983366665, 0.6088117627143639, 0.6068645936599342, 0.6476049023108816, 0.5884078851473786, 0.5974889287446701, 0.6022067802020025, 0.5644362096815815, 0.6795556839804195, 0.6026799212511036, 0.6359292388820463, 0.736332795649492, 0.5845260142022388, 0.6606951493987604, 0.6599511789353318, 0.6058396182069925, 0.5845634096622627, 0.5784212979748682, 0.6067466505069171, 0.7347413135336718, 0.6313917846175342, 0.5967912764386777]"
base,0,gte-large,15,RedditClustering,760350,0.6299622236191582,"[0.6881398019778625, 0.7012738620441256, 0.582450787471966, 0.6382720377771883, 0.6034213977425393, 0.608192557543834, 0.6577096309513348, 0.5879990834490424, 0.5913166649320318, 0.5968699538811477, 0.5855613029182126, 0.7006002151253353, 0.5988463305026949, 0.6347231129287274, 0.7115409372557949, 0.5823927311971218, 0.6699612497927632, 0.6851974571636636, 0.5851313325459326, 0.5943150596346305, 0.5848909620196235, 0.6083003689291973, 0.7222534461094671, 0.628187977696125, 0.6015073288885933]"
base,0,gte-large,20,RedditClustering,1013600,0.630547514192061,"[0.66275779411538, 0.6839334060667979, 0.5791682982181314, 0.6320873600841805, 0.6256331650737024, 0.6211720169194404, 0.6511309333393864, 0.5888526604369269, 0.5991250248625131, 0.5968530781272918, 0.5885791453736727, 0.6771751169633937, 0.6107529756851328, 0.63826783534322, 0.7064180701622944, 0.588411311350559, 0.6651612161240886, 0.6915739185722599, 0.5995969598921217, 0.5996052253692203, 0.578425852969142, 0.594665836285606, 0.737533492295911, 0.6456691254119504, 0.6011380357591983]"
base,0,gte-large,1,BiorxivClusteringS2S,9998,0.18806417958327903,"[0.18433823468133717, 0.17445076485229066, 0.1760424437555408, 0.16546593583903862, 0.1609820506822498, 0.1978795945210712, 0.20005760657472332, 0.20079620770669523, 0.20129325489152539, 0.2193357023283183]"
base,0,gte-large,2,BiorxivClusteringS2S,19992,0.29897697816583113,"[0.2927019227607138, 0.3064011517575532, 0.2904467708264842, 0.2951121669175878, 0.3065661111762278, 0.29376935172330987, 0.3139656820067239, 0.3048587703973996, 0.2847572191757446, 0.3011906349165667]"
base,0,gte-large,3,BiorxivClusteringS2S,29982,0.31799112958627196,"[0.31216067840357303, 0.3157144545300443, 0.31148451727109006, 0.3153547609002888, 0.32773489178385046, 0.3222005325908945, 0.31778721485577416, 0.32874813705382405, 0.3022410080229014, 0.32648510045047907]"
base,0,gte-large,6,BiorxivClusteringS2S,59928,0.3364662594813993,"[0.32479868718748245, 0.3348171562557994, 0.3305749993513205, 0.3245450207023508, 0.3323971024154058, 0.33912386324373844, 0.3276522188711511, 0.3557158761236589, 0.3324968542011499, 0.3625408164619359]"
base,0,gte-large,8,BiorxivClusteringS2S,79872,0.34266158948304526,"[0.34172890432358244, 0.3495192217753138, 0.33657885014778605, 0.33738937632454213, 0.33847364768939986, 0.34813714699293646, 0.3395773531160609, 0.3498558768702737, 0.33469905726018523, 0.3506564603303724]"
base,0,gte-large,10,BiorxivClusteringS2S,99800,0.34295770353589616,"[0.32655064557731134, 0.34559814683528667, 0.3409597821858512, 0.34288522382015424, 0.34744164241687814, 0.3521426833568571, 0.32630650432535024, 0.3511825069066286, 0.33622261309023543, 0.36028728684440875]"
base,0,gte-large,15,BiorxivClusteringS2S,149550,0.34562302431133063,"[0.33843598918386875, 0.35614792724330957, 0.3288265963440706, 0.3469498528357649, 0.34776618241093293, 0.3515144500672315, 0.3336580937887346, 0.36816490318561507, 0.3344541016471955, 0.3503121464065827]"
base,0,gte-large,20,BiorxivClusteringS2S,199200,0.3467892076454556,"[0.34506165180316944, 0.3449732050789002, 0.3399089756221493, 0.34607384096081334, 0.3438389229129582, 0.35737247463285127, 0.3368401415386775, 0.3612957964651459, 0.3345563086340242, 0.35797075880586643]"
base,0,gte-large,1,MedrxivClusteringP2P,4998,0.26436144715203846,"[0.2568353818549846, 0.24127593685378088, 0.24438162327048657, 0.255390515032918, 0.23943981853516746, 0.279158221970311, 0.2688602481478219, 0.28445320570175525, 0.28824452387527194, 0.2855749962778868]"
base,0,gte-large,2,MedrxivClusteringP2P,9992,0.2844640926799953,"[0.26853160499141254, 0.26641023216883297, 0.2746668878738692, 0.2742893874939113, 0.27438597008472565, 0.3021893049312222, 0.2828482269439374, 0.3072719587504285, 0.3068035401977407, 0.2872438133638723]"
base,0,gte-large,3,MedrxivClusteringP2P,14982,0.30044995173679606,"[0.2916902464737209, 0.28650061296833007, 0.28036061290616615, 0.2911790552738983, 0.2862858696512893, 0.32178045007102807, 0.2941078078019687, 0.31285448997448767, 0.32196485577719813, 0.3177755164698736]"
base,0,gte-large,6,MedrxivClusteringP2P,29928,0.3102823657412055,"[0.3124761949311862, 0.29182377062213516, 0.3002799049658681, 0.2871750699517921, 0.29632325299111384, 0.33584212259491414, 0.3062439655894965, 0.3258122921561216, 0.32893035665412296, 0.31791672695530476]"
base,0,gte-large,8,MedrxivClusteringP2P,39872,0.31364889223480896,"[0.30624932218288203, 0.296426272978993, 0.3044710790329761, 0.2901241496873842, 0.31551700771294827, 0.33880084312995135, 0.3150453887737494, 0.3250467684914463, 0.32206845279189183, 0.322739637565867]"
base,0,gte-large,10,MedrxivClusteringP2P,49800,0.31352646743348955,"[0.30725078987254195, 0.3079227343330317, 0.29759366824720096, 0.3061934042213881, 0.28985776841690225, 0.3379946032132025, 0.3185228715343704, 0.33725714768174986, 0.31161669442534073, 0.3210549923891671]"
base,0,gte-large,15,MedrxivClusteringP2P,74550,0.3230037859230561,"[0.31173886811702467, 0.3137672989769455, 0.31286725296192536, 0.30235810728618323, 0.3028204567598674, 0.34037196134733105, 0.3300090762929964, 0.3408988957340553, 0.3444171254620527, 0.33078881629217954]"
base,0,gte-large,20,MedrxivClusteringP2P,99200,0.32110273864255945,"[0.30287630738274857, 0.3079821225755179, 0.3084390666706119, 0.30768416706451734, 0.31066363896864785, 0.3353677955168855, 0.32985079805561773, 0.3490915733113714, 0.3359614162652431, 0.32311050061443325]"
base,0,gte-large,1,BiorxivClusteringP2P,9998,0.20419249217490815,"[0.17618639546938952, 0.19466786710252462, 0.19894147716417182, 0.18066747368870822, 0.19816572565188134, 0.2139178090306161, 0.21523681254690694, 0.21633143741585775, 0.24114854476288652, 0.2066613789161389]"
base,0,gte-large,2,BiorxivClusteringP2P,19992,0.3179642237726706,"[0.3323362621218459, 0.3114996561006732, 0.32643572666998705, 0.30811259562441945, 0.3154218206645274, 0.30570640216841183, 0.321000984848032, 0.3176603384465847, 0.3170079627907389, 0.3244604882914852]"
base,0,gte-large,3,BiorxivClusteringP2P,29982,0.3356778365306877,"[0.3450098823217707, 0.32844556665696845, 0.329113942270177, 0.32412134772904627, 0.3436280678919471, 0.32828598878012966, 0.3435378722553806, 0.33646368641932894, 0.33292543854808976, 0.34524657243403856]"
base,0,gte-large,6,BiorxivClusteringP2P,59928,0.34993633945706265,"[0.33315822497077646, 0.34344858880640505, 0.35044914785193737, 0.3485446167266366, 0.34468392024051475, 0.36014364703514645, 0.34287761293316354, 0.37167485428833436, 0.3454914791645424, 0.35889130255316937]"
base,0,gte-large,8,BiorxivClusteringP2P,79872,0.35526796134953886,"[0.3476897414023241, 0.3471577392271344, 0.35880552390943576, 0.3455132663193553, 0.35357695791002425, 0.35911345289843793, 0.35075461326111085, 0.3785135303152926, 0.3568736782693737, 0.3546811099828994]"
base,0,gte-large,10,BiorxivClusteringP2P,99800,0.35934707969516766,"[0.3519935953339114, 0.36383559829981793, 0.34864429554813087, 0.35067777976754533, 0.35227998242820974, 0.3520123111287608, 0.36252957619512094, 0.3831965530566253, 0.35575991585824424, 0.3725411893353095]"
base,0,gte-large,15,BiorxivClusteringP2P,149550,0.3635461995786961,"[0.3491745377322984, 0.3813199388024789, 0.3643440312364487, 0.3531615146585074, 0.37168042458203043, 0.3713979554962447, 0.3505420161577852, 0.36944687987333713, 0.3629375741001802, 0.36145712314764966]"
base,0,gte-large,20,BiorxivClusteringP2P,199200,0.36177917153674605,"[0.3484111314396513, 0.3651372910475343, 0.35591314655049355, 0.3685521771948562, 0.35374123438561156, 0.3654602479931552, 0.34764011158644764, 0.3786644559756128, 0.3739081816959662, 0.360363737498132]"
base,0,gte-large,1,ArxivClusteringS2S,49998,0.27297448753970444,"[0.2142308914526583, 0.24031380878953681, 0.19250178068385462, 0.2454273767272927, 0.21474201523769462, 0.18300161637413362, 0.21529124545427852, 0.22229537876428662, 0.16242336363921586, 0.2255068525126358, 0.36350291629889164, 0.360324196393226, 0.3566867032349905, 0.3608102265411445, 0.3531926089584582, 0.3653865958450554, 0.3642893495533723, 0.3588185420277511, 0.3566681883459799, 0.35304650227271783, 0.30969421274618625, 0.07294267069859707, 0.22246786593743856, 0.2514824582978165, 0.20889242928318588, 0.13131449782253524, 0.18707185701191537, 0.09333772504016656, 0.1429953849334747, 1.0, 0.13354985285234802]"
base,0,gte-large,2,ArxivClusteringS2S,99992,0.403913203912402,"[0.42161284050263365, 0.4346353028646624, 0.41965411076779907, 0.44429464363078774, 0.4378535744624158, 0.44511795852596175, 0.44027510088988653, 0.44435509063215467, 0.43997870216414753, 0.43884603629582625, 0.4335290829169123, 0.4204507343049528, 0.4357544996546091, 0.43016778614865153, 0.4435232264056126, 0.4255797138390774, 0.4304676442291716, 0.4402939127861153, 0.4394294460701333, 0.4278716236326919, 0.38692309160314203, 0.2447160279951306, 0.304483687488963, 0.4033901646320228, 0.2953362942733865, 0.19326976685844252, 0.2780790065072272, 0.2132135044014573, 0.2776873196591012, 1.0, 0.23051942714138454]"
base,0,gte-large,3,ArxivClusteringS2S,149982,0.41794208072105166,"[0.4517226837291677, 0.4534029349869839, 0.46456618608070643, 0.43313691978297547, 0.44929074925498574, 0.4498563032127945, 0.44061133511413686, 0.4528882996431409, 0.4624382884283938, 0.4485772287266532, 0.4615099822457071, 0.4624055892242866, 0.4489139999926307, 0.44206776829334954, 0.4488091546811193, 0.45214169365466417, 0.4548626812249889, 0.45804533336125686, 0.45354053993637655, 0.45321145509758687, 0.4031287626610847, 0.23088565405720834, 0.3242510357352519, 0.40196141209987835, 0.3137028130836313, 0.20348107953541886, 0.2981403038249207, 0.2145649049676445, 0.28193455940497203, 1.0, 0.24215485031068604]"
base,0,gte-large,6,ArxivClusteringS2S,299928,0.42292947573485323,"[0.4497267085225931, 0.45713788714560083, 0.4593180569706522, 0.4576101049915393, 0.4510873696817545, 0.46048389679205365, 0.443654078291034, 0.43802241006313253, 0.4531079789465656, 0.4426963048833974, 0.46471467206134887, 0.46116431889906473, 0.45940996818417584, 0.4626293336178798, 0.46662382321266405, 0.4635241136886671, 0.4644416613508289, 0.468029059800876, 0.45921014152283635, 0.466080917864823, 0.43222747725375693, 0.2254573715558027, 0.34864116673580464, 0.3726422463673418, 0.30516127040024404, 0.21960973689393673, 0.3060845173081619, 0.23048346406472667, 0.29196723777168127, 1.0, 0.22986645293750518]"
base,0,gte-large,8,ArxivClusteringS2S,399872,0.4255547476552819,"[0.4638383248597587, 0.42563583955610673, 0.45634767097358747, 0.45923490805213824, 0.4503743497989581, 0.46199039205347087, 0.45463529309351025, 0.44433219423774345, 0.45187069429232324, 0.4502043467078919, 0.4721667639188183, 0.46875425523972086, 0.47264934677406156, 0.4575943840133518, 0.4680307622893923, 0.46314599111005644, 0.4674740243413078, 0.46858009104031145, 0.46934963169291066, 0.46917790044978747, 0.43680629485019445, 0.24926764012234173, 0.3431308384083353, 0.40697154976980277, 0.30344842139176303, 0.21065523199972067, 0.2979825666103935, 0.23119515857568662, 0.29546483588611455, 1.0, 0.2218874752041783]"
base,0,gte-large,10,ArxivClusteringS2S,499800,0.4220848564614255,"[0.46131924016082987, 0.43711237886491033, 0.45325103086113133, 0.4310725002414588, 0.4498919833439705, 0.44220296368149287, 0.4564910954880358, 0.4577770395809709, 0.46397731278442017, 0.45198951165171, 0.47030539468223687, 0.4773070958596517, 0.4729192218889797, 0.4700781744138406, 0.4728143558009567, 0.46581038441469325, 0.4740639496440222, 0.4713176646327226, 0.4670309481403019, 0.47086272211250424, 0.4310088415708618, 0.23277677836186614, 0.3362838333721163, 0.35654263127199154, 0.2886948982329576, 0.21789372630156195, 0.2488556571612864, 0.2219084473617793, 0.28414173836460066, 1.0, 0.24892903005632855]"
base,0,gte-large,15,ArxivClusteringS2S,749550,0.4249743981899778,"[0.45186502466182643, 0.4482240164182146, 0.4434241292624659, 0.438802687586066, 0.45154982186712705, 0.4606437212865392, 0.4443871280184762, 0.4336223013030623, 0.46210439270507425, 0.4482341340786875, 0.47676156967499506, 0.47678285975057577, 0.4802615127250398, 0.4844895418717326, 0.46649039111495727, 0.47137665139892726, 0.477739437578453, 0.47298467413549755, 0.47030283155038466, 0.4722196100720157, 0.44784384148410905, 0.2251117116706149, 0.346370957906815, 0.3846063041679533, 0.30053681574952895, 0.21790730915481699, 0.28942102955487564, 0.2130900520015818, 0.2782852883743749, 1.0, 0.23876659676452228]"
base,0,gte-large,20,ArxivClusteringS2S,999200,0.4235920494876783,"[0.4512418545415019, 0.4426790253509441, 0.4589353638835584, 0.43531996918019933, 0.4562260428890541, 0.4554008225119673, 0.46120400466202394, 0.44618990659421154, 0.4530414541801544, 0.45898885548711066, 0.4768554874946124, 0.47336965459862573, 0.4844404066149926, 0.47217013630055243, 0.4694304252028269, 0.4750138343645307, 0.47471861333005316, 0.47590305559570584, 0.4710615374266691, 0.4716226287691831, 0.4290954846057615, 0.21181236800294378, 0.34798033159263214, 0.38378702895952543, 0.30711398796189976, 0.2183618838213222, 0.26554632835328373, 0.21693440322175953, 0.2724084150693266, 1.0, 0.21450022355109333]"
base,0,gte-large,1,StackExchangeClustering,39366,0.41441955345753795,"[0.4247920970784458, 0.4406923884815188, 0.33621710113119363, 0.4122741506502576, 0.4150438015790454, 0.3853893537830597, 0.3831149671995813, 0.5146690259643536, 0.44502997168271585, 0.4075319912556637, 0.38942808995936923, 0.5053651538601305, 0.45881793431955525, 0.47034588729003596, 0.37604664261469045, 0.3872943514531751, 0.41408694518818895, 0.39082972088345197, 0.42556760289196005, 0.4077279691221332, 0.40411496760162274, 0.3501250355314582, 0.37585938480673214, 0.42901371765976426, 0.41111058445034726]"
base,0,gte-large,2,StackExchangeClustering,78728,0.6643133061740201,"[0.7175711360164206, 0.6779579419666235, 0.5754874076564515, 0.6963155902268988, 0.7061970913382437, 0.6277136759378379, 0.5892616714103155, 0.774728542025873, 0.6570977309508312, 0.6527102318337875, 0.697876500136738, 0.7887812598075337, 0.7656274019524081, 0.7180807981961526, 0.6024058226608494, 0.6334471190307852, 0.6180665418900173, 0.6163835267219346, 0.6156843909196831, 0.635066374774113, 0.6615939086879408, 0.6300946716058685, 0.6432602431068744, 0.6788058952316186, 0.6276171802647006]"
base,0,gte-large,3,StackExchangeClustering,118086,0.6872440178227864,"[0.7220258224220409, 0.7085677021948134, 0.6089382689672526, 0.719618323415057, 0.7136898351634091, 0.6603189219142953, 0.6249163816227964, 0.7673508709479991, 0.681529088947997, 0.6661958427082294, 0.7142310646731812, 0.7962540440238725, 0.7923946175678106, 0.7767882230795835, 0.6203303389383894, 0.6698373947369505, 0.6391715860317728, 0.6275632587982278, 0.639293396162102, 0.6535269539121639, 0.6779892181780456, 0.6605900834480252, 0.671735074643996, 0.722894729999202, 0.6453494030724496]"
base,0,gte-large,6,StackExchangeClustering,236136,0.6986240478883744,"[0.7503578666207297, 0.7112734822940554, 0.6291265381285307, 0.7348025299862395, 0.7164047935921631, 0.6989790755111192, 0.637621701320676, 0.8061064199855608, 0.6820935310158787, 0.6718444229133288, 0.7322360581926798, 0.8195936604437731, 0.7492086316432471, 0.7626168903903637, 0.6216013079979605, 0.6666929229290003, 0.6517519647493055, 0.6653132406651446, 0.6792769929372645, 0.6558379494699623, 0.6864730426138138, 0.6800879851618844, 0.6748591283846539, 0.7356787314165106, 0.6457623288455127]"
base,0,gte-large,8,StackExchangeClustering,314816,0.6983831056729874,"[0.750784437030985, 0.7198049144009198, 0.6199857524328545, 0.7285363799517448, 0.7416705330907344, 0.6985643685729436, 0.6281724855047413, 0.788198219758186, 0.6757191407940051, 0.6642442845222678, 0.7621874609162932, 0.8006061374022214, 0.759150914015538, 0.7297895865412442, 0.6211451512531664, 0.6754489184264134, 0.6585365647142105, 0.66115240074153, 0.6705717667371525, 0.6623112226471272, 0.6874561679396107, 0.6741850121543047, 0.6898265374947807, 0.7274094092130021, 0.6641198755687082]"
base,0,gte-large,10,StackExchangeClustering,393480,0.702905843592884,"[0.7491654600001695, 0.6960377363984007, 0.6268975075952488, 0.7207763039030457, 0.7366326041708277, 0.6856417237228571, 0.6338883941993747, 0.7935020509450892, 0.6932494097902239, 0.685398640182028, 0.7612418363080112, 0.8052236951994785, 0.7912651562592262, 0.7832362299929897, 0.6348441726799557, 0.6868303358944521, 0.66738996569089, 0.667746940924299, 0.6619659017040324, 0.6756757140519075, 0.677045642090701, 0.6765080161179413, 0.6826651799509527, 0.7204434966857858, 0.6593739753642097]"
base,0,gte-large,15,StackExchangeClustering,590070,0.6990413781590408,"[0.7404457413524976, 0.7032742586933012, 0.625056805780586, 0.7206274026378604, 0.7361206971974271, 0.6657989322802408, 0.6355201333136961, 0.797180657905006, 0.6988701154170789, 0.6737055494412582, 0.7802423895464891, 0.8394752550571133, 0.7852174665297418, 0.7579466559322963, 0.6268141913376944, 0.6804978687625709, 0.6472662291050896, 0.6420201402898951, 0.6690542887323466, 0.6564544974137969, 0.6680443497097297, 0.6740895677386888, 0.6842036696386982, 0.7244096898335989, 0.6436979003293174]"
base,0,gte-large,20,StackExchangeClustering,786560,0.6956486565640547,"[0.737909910371553, 0.6993372977995911, 0.6224956791926091, 0.7224425377030655, 0.7241985139075383, 0.6922040285302856, 0.6301984021168766, 0.793018245122513, 0.6931630252315855, 0.6633173393553538, 0.7413139797224666, 0.7971858033696538, 0.8002688775259122, 0.7547244333965061, 0.6084762136661916, 0.6800526579239026, 0.6467243731333373, 0.6693466288612981, 0.662363386918892, 0.6547902036087832, 0.6816574346362961, 0.6696346924956574, 0.6601152983370958, 0.733346489544523, 0.6529309616298822]"
base,0,gte-large,1,MedrxivClusteringS2S,4998,0.25324109542698664,"[0.2207730015512029, 0.2350962187319907, 0.23668622659158786, 0.25188196088048354, 0.22826586735809232, 0.2932061516089521, 0.26256937115383255, 0.27187324721231854, 0.269262584898521, 0.2627963242828847]"
base,0,gte-large,2,MedrxivClusteringS2S,9992,0.2810038985364488,"[0.267918846982374, 0.25243293782004705, 0.27342443412322076, 0.2587653449476685, 0.26931749632890484, 0.3091044283563886, 0.2869563999827782, 0.30092703458599157, 0.29921045997011503, 0.29198160226699976]"
base,0,gte-large,3,MedrxivClusteringS2S,14982,0.29501534040352506,"[0.26652209132316507, 0.2854613863675525, 0.2932232663844676, 0.2838580485845809, 0.281328003786058, 0.3068364496908049, 0.29524431547449453, 0.3170388295584604, 0.32386397960806984, 0.29677703325759697]"
base,0,gte-large,6,MedrxivClusteringS2S,29928,0.3016869322942439,"[0.288686638044795, 0.2915328759286866, 0.2946667519744652, 0.2974657511832152, 0.2772517500513215, 0.31233604082414923, 0.3218294660709726, 0.31603287171657574, 0.3074486357079812, 0.30961854144027695]"
base,0,gte-large,8,MedrxivClusteringS2S,39872,0.310317960962201,"[0.2894914436325544, 0.29915082495161116, 0.29801666811183797, 0.2893668005210988, 0.30626338883563853, 0.3238030868062892, 0.3194145477868942, 0.3384350831828571, 0.3309829763901416, 0.3082547894030867]"
base,0,gte-large,10,MedrxivClusteringS2S,49800,0.30706771564004437,"[0.28518410175115994, 0.30050756348146196, 0.30435406610371196, 0.29029657621702826, 0.308896401237998, 0.3200065168803364, 0.3137685219135159, 0.32140709359566516, 0.3208005577852046, 0.3054557574343618]"
base,0,gte-large,15,MedrxivClusteringS2S,74550,0.31318783039384535,"[0.30278962853803415, 0.29735387340046193, 0.30102806338788374, 0.2994848820366344, 0.296914978687598, 0.33225894453432253, 0.311420108944522, 0.33764649082266784, 0.3310172358945132, 0.3219640976918156]"
base,0,gte-large,20,MedrxivClusteringS2S,99200,0.31871946613713953,"[0.30813859366414154, 0.3080212925847046, 0.3001673193315458, 0.3118358191205952, 0.3115489536389265, 0.3403421372254338, 0.3148418305137932, 0.3386395850801422, 0.33178816446052745, 0.321870965751585]"
base,0,gte-large,1,StackExchangeClusteringP2P,9998,0.36401633951836165,"[0.35008153162535394, 0.34719352016754024, 0.3404023794643247, 0.34042137350682455, 0.3423790722205563, 0.3872444580185262, 0.37954674292692936, 0.38414472139011385, 0.38368405325175564, 0.3850655426116916]"
base,0,gte-large,2,StackExchangeClusteringP2P,19992,0.3645227282383683,"[0.3470915109742165, 0.3462388922181742, 0.34484835239720507, 0.34186288141619414, 0.3471166095309018, 0.3996282794078571, 0.3820659489957851, 0.3795587472705597, 0.3851865843838033, 0.37162947578898575]"
base,0,gte-large,3,StackExchangeClusteringP2P,29982,0.3678877465644843,"[0.34923488615134907, 0.3525210739361493, 0.350253253087203, 0.34536127608982464, 0.3507384914107243, 0.40193281588611696, 0.38043737265370214, 0.381143842964986, 0.3853845444972235, 0.38186990896756434]"
base,0,gte-large,6,StackExchangeClusteringP2P,59928,0.3769457787345257,"[0.36115565887109974, 0.3563582001820366, 0.3569274541842887, 0.35721128085710513, 0.36678526786732435, 0.40183157243939027, 0.38824651887089473, 0.3896094070397629, 0.3971382704348945, 0.39419415659845997]"
base,0,gte-large,8,StackExchangeClusteringP2P,79872,0.37907216521245585,"[0.36574735809842507, 0.3643535038370492, 0.36078798198013934, 0.35770158386468304, 0.3661556796974361, 0.40764623162721514, 0.3894211417872565, 0.39380463699127455, 0.39594740688823, 0.38915612735284943]"
base,0,gte-large,10,StackExchangeClusteringP2P,99800,0.3808501871774643,"[0.36492349813874586, 0.3654122598452782, 0.3618092239005262, 0.3626402669433737, 0.367319349095519, 0.4025589228769564, 0.38894365889258736, 0.39625709974654627, 0.4013842123320335, 0.39725338000307686]"
base,0,gte-large,15,StackExchangeClusteringP2P,149550,0.38291489452610183,"[0.36933839182002964, 0.36882924811844986, 0.3718284069931495, 0.3634452118038015, 0.3693194759506837, 0.4039800595976719, 0.3930122402062724, 0.39471569781414145, 0.4003368159824882, 0.3943433969743305]"
base,0,gte-large,20,StackExchangeClusteringP2P,199200,0.38538811330892536,"[0.36775253630992266, 0.36742499647848703, 0.3715564716296823, 0.36739521644222783, 0.37130100364145385, 0.41382516987146484, 0.3927046829877047, 0.40076186363928673, 0.40484325513238073, 0.39631593695664336]"
